step,mean_reward,min,max
2200,-1266.6496368511407,-1696.9444959453529,-878.0821086802424
4400,-1311.0497695323463,-1850.9108186761366,-865.9909661939824
6600,-1173.1475769830242,-1731.4801406348604,-886.553639303632
8800,-1237.1831501276822,-1576.1948962393385,-867.8081835676045
11000,-1235.9180864535303,-1691.556575535103,-845.9191136002974
13200,-1177.4556939686631,-1773.1660642120385,-680.6554017820007
15400,-1257.896070002541,-1672.9615991364833,-867.4311216507062
17600,-1219.2198128481843,-1814.6183536355559,-863.8787323439121
19800,-1244.6380993172093,-1748.653109081931,-887.2324197391805
22000,-1184.7951086198366,-1750.6429637726637,-863.0382938774596
24200,-1183.923911624041,-1722.7982949979205,-930.8463684325616
26400,-1411.124246497362,-1824.8904497196813,-867.1367787433244
28600,-1396.631850860307,-1807.5327570094153,-1004.9000966753747
30800,-1100.9188908584335,-1500.9488428119378,-761.6568685515999
33000,-1238.7589876521442,-1550.9963478447874,-864.3741589680092
35200,-1261.969416204374,-1712.8565372951489,-801.7613525139541
37400,-1344.1579406654585,-1816.8421392278838,-877.882849917901
39600,-1149.6994631553873,-1592.4117538918572,-759.8641128171752
41800,-1259.1627542717345,-1797.4217102224688,-842.4683997626996
44000,-1203.1284820672302,-1603.749613191774,-769.3260975074415
46200,-1302.787170933591,-1818.3876663289054,-814.1312972695222
48400,-1125.7750921143545,-1749.1937783092758,-758.5965045347062
50600,-1090.7472423623228,-1751.1748987003875,-878.80224549779
52800,-1231.5930316850554,-1682.467337814382,-921.419039751573
55000,-1136.2634494882534,-1801.0331004368757,-766.8827879778723
57200,-1108.9329323586903,-1795.1357517419497,-760.1649863238944
59400,-1315.2822821780198,-1763.3273544236765,-888.7609555399385
61600,-1144.319396401368,-1535.8708885384478,-876.1057915850298
63800,-1154.2002083634795,-1812.4841990472564,-747.5773481082675
66000,-1281.305904508765,-1602.6366349614434,-879.4096428303375
68200,-1313.963788305939,-1770.7015147833374,-839.2724860155834
70400,-1119.8629566602879,-1581.8850140270752,-897.7877097374964
72600,-1140.1673044028403,-1495.4320905024756,-854.660142314179
74800,-1166.0298497235383,-1567.2400603821216,-871.574380352136
77000,-1203.994258213658,-1644.9902908490499,-766.4882401353682
79200,-1338.689444437564,-1690.3742040857776,-882.7923688890925
81400,-1203.5890552863964,-1862.8926238325212,-845.9159958605474
83600,-1116.5963591148147,-1452.3616297741962,-792.8448088686577
85800,-1190.9078623325368,-1747.7374077550915,-902.6241781775985
88000,-1115.5781704606006,-1554.0530920351118,-877.3575690860854
90200,-1189.6040598681732,-1618.2274314840524,-889.4764310694906
92400,-1297.7866566044167,-1639.0813410187893,-880.8180842316461
94600,-1272.4284989485752,-1715.115836750572,-755.7803556826127
96800,-1318.8146281014663,-1816.4349356400678,-813.0719772441201
99000,-1292.5661517502583,-1758.0096773448927,-817.5384091230561
101200,-1405.5460994796354,-1722.1026727474077,-863.9370034091897
103400,-1309.8251203419693,-1690.3145232196784,-999.4762222317302
105600,-1271.1485957753036,-1618.3652842909137,-981.4362120411494
107800,-1213.6602653431562,-1553.2172314802388,-859.0252185166513
110000,-1157.6339090932145,-1723.1953345877857,-768.4194872147148
112200,-1227.7021721542199,-1658.73438482306,-851.8868184605778
114400,-1251.1650523358173,-1747.2426698000152,-937.3431407817897
116600,-1196.2193912744592,-1773.9767838374432,-733.5745588693726
118800,-1294.2886304995352,-1781.137701721259,-829.8790280591483
121000,-1248.6878636213162,-1661.5954098602112,-866.7761870381335
123200,-1210.3644345503055,-1827.2715301938292,-856.8034783127009
125400,-1215.4727330227508,-1609.266901679958,-966.628109898266
127600,-1406.146725391667,-1814.9022980784707,-856.588344651782
129800,-1251.9073269066682,-1746.666607197792,-920.3266698069692
132000,-1170.2990756223805,-1779.9683296797439,-875.5236170716298
134200,-1229.4900023957377,-1788.4356004710385,-864.1677064905035
136400,-1343.0943858977744,-1700.1109074357926,-903.4066834286227
138600,-1274.3809876781243,-1665.33131620804,-751.959061717971
140800,-1136.6978682457272,-1588.647074039153,-787.8180473782329
143000,-1125.8041711147212,-1405.353661515976,-917.1442695809296
145200,-1444.6930896226897,-1819.6004643863819,-839.3970079695247
147400,-1272.9244841422117,-1731.641055113524,-770.5421790612089
149600,-1278.680964679868,-1708.430523677445,-775.8167273899041
151800,-1359.5472685598963,-1761.756123924083,-771.2632386387468
154000,-1221.9389797316019,-1557.257943121302,-926.7548993411284
156200,-1291.4825055227682,-1840.2000279875006,-880.9878808048372
158400,-1250.7889561910522,-1495.6296927200262,-875.8549113741136
160600,-1141.1470060339543,-1624.3614827872168,-760.803503871506
162800,-1153.5906180462846,-1700.965879951906,-836.4767629705296
165000,-1216.2805083556188,-1771.0232172597803,-853.1157908147549
167200,-1226.9011878393064,-1745.227616954115,-765.0523908573884
169400,-1367.8341018099973,-1716.0108855305316,-902.7106373887503
171600,-1119.389244029606,-1496.1875880115874,-776.6409461921018
173800,-1243.380915626487,-1731.764240960662,-748.2886021007132
176000,-1224.523291372826,-1822.1688088743783,-843.2048520473915
178200,-999.0924475476223,-1557.4174309126456,-753.7967964934979
180400,-1303.558169025136,-1760.4369151907695,-914.235395303826
182600,-1271.9873915473263,-1723.7756426324754,-856.247068458084
184800,-1225.519161995477,-1676.262076675772,-849.2370721612879
187000,-1176.412363380021,-1650.1650483283966,-854.0261623748274
189200,-1314.560597058149,-1725.0255438222744,-869.5417011469704
191400,-1278.6809147533777,-1702.9900453461335,-749.2861214380806
193600,-1172.7017279048912,-1641.5896554106855,-930.6021290332044
195800,-1293.4508261895671,-1649.640688837414,-968.5193248747839
198000,-1089.0322127688496,-1393.6241432742645,-857.1204486634705
200200,-1088.9222298305276,-1768.0543734914847,-648.4876616985348
202400,-1378.741139650624,-1808.7195507961953,-961.2680689060272
204600,-1163.964142760975,-1720.8792407260976,-773.8402623899283
206800,-1370.2313264107322,-1761.6222571348237,-870.1715957754549
209000,-1384.0298955072215,-1788.001443455855,-853.4093837256456
211200,-1346.5680603134983,-1749.6421449193267,-860.69790614527
213400,-1404.1115565888636,-1689.934653697633,-883.0291438482013
215600,-1285.3763931890317,-1759.7989323778477,-851.27265046191
217800,-1396.5238001085438,-1785.9672472874317,-884.3191860513787
220000,-1167.3436533259692,-1690.04160273416,-751.275937852736
222200,-1150.8312785689898,-1617.7359835086309,-854.5408177627012
224400,-1144.8949355836867,-1634.8254853532987,-799.526930066796
226600,-1147.1846727417121,-1719.8666259507343,-863.5499566556573
228800,-1298.7930704903486,-1692.7703048438611,-861.7279002381748
231000,-1348.611837820261,-1779.348264254122,-796.6051961123648
233200,-1238.4056788425721,-1633.7979735635643,-947.7767455183899
235400,-1313.0979713519243,-1727.211371998655,-786.9928297561044
237600,-1150.8473418798399,-1635.9959026790139,-854.3101557718063
239800,-1165.5396933754732,-1618.093694310396,-861.7735685738
242000,-1307.5941652023212,-1732.8199825204133,-860.1814979568487
244200,-1258.6399892788895,-1556.1966841710416,-918.5437714184073
246400,-1273.9395634582716,-1743.2421361494619,-822.4210723633005
248600,-1354.5654851744334,-1790.4933655713255,-847.848463431188
250800,-1276.2728492510034,-1729.9886471340665,-869.2585087497102
253000,-1130.1187451737972,-1832.1009640079199,-802.9689444160191
255200,-1200.1159571129267,-1609.3471835624732,-747.1457773499341
257400,-1336.724042796675,-1800.2786857489064,-872.7412130481492
259600,-1244.0456568436662,-1590.0103431358643,-790.4669253945506
261800,-1352.5117261466557,-1687.5679160069853,-769.6324642673615
264000,-1145.7619742245035,-1506.4668202392322,-941.8556027384054
266200,-1266.480675895247,-1738.3375264218328,-764.4877060478779
268400,-1101.3476212613766,-1669.7765144951625,-768.018022935026
270600,-1260.3786913756387,-1788.4773066388736,-878.4255066628973
272800,-1276.8385954908533,-1656.6116234285532,-916.0050339050644
275000,-1146.649725492824,-1752.9092749526517,-867.1124564804832
277200,-1082.9800309838017,-1684.5429167027291,-854.2644487539452
279400,-1276.4971703207875,-1654.8235156982864,-855.2298076707264
281600,-1041.8905125705949,-1475.7065057997324,-878.633829048085
283800,-1235.2391161513872,-1582.2030349913339,-969.8296272477302
286000,-1159.8251203578543,-1800.0243663205613,-736.6635700895621
288200,-1189.3538481463704,-1624.6241555286106,-770.50712372048
290400,-1117.2454303231953,-1493.0105683546856,-746.6892585922329
292600,-1362.4692060164302,-1799.1660112494383,-862.6815904179331
294800,-1117.0307607868926,-1667.2441157915764,-814.9744209530688
297000,-1240.7785447761898,-1738.0374093420292,-753.9388528167634
299200,-1152.7211646042103,-1554.575726552723,-778.4435941416571
301400,-1220.7280575567715,-1767.6353381034446,-892.1796453085155
303600,-1366.7223302808925,-1555.914795629303,-961.7178052352183
305800,-1162.9695099873386,-1677.882103153491,-870.5675339890299
308000,-1233.4159789504577,-1628.9894390694938,-893.4133327928888
310200,-1414.911923386783,-1765.9406040049416,-903.2926986729991
312400,-1183.6972800525773,-1740.6627102782898,-967.9599219751645
314600,-1345.0724248995384,-1700.3480858162322,-869.1947315295715
316800,-1210.6883842859797,-1881.3629291746374,-893.0621762709429
319000,-1220.7696653559694,-1653.3337857240354,-867.0125424785348
321200,-1213.2999394405458,-1696.4043398212636,-879.3923298400387
323400,-1230.057346032452,-1615.2132025799901,-829.5856966774044
325600,-1144.5127087564103,-1462.0019796775478,-844.2291150184361
327800,-1237.8356644072724,-1557.794307508161,-859.7361384707353
330000,-1049.1113165057589,-1458.2948101874947,-765.4989421377181
332200,-1159.0750315023884,-1709.39448657472,-877.7627071877894
334400,-1147.2483666362857,-1615.382728230694,-632.3393692904589
336600,-1196.4623981891373,-1549.2067868253685,-844.562344670289
338800,-1100.787096010356,-1526.7407047667252,-810.1813832964135
341000,-1242.1678657305451,-1810.3211363095363,-879.8100387959875
343200,-1160.9587136416108,-1697.9293551286512,-757.0529612230988
345400,-1245.182081945717,-1603.8055208503786,-868.9417836540238
347600,-1381.6872917449086,-1837.918656850033,-862.3254251173128
349800,-1177.9345909102744,-1652.9634014984501,-747.6903518422421
352000,-1181.2653608497394,-1693.5037792442895,-842.2467317610302
354200,-1129.6016038868702,-1595.1343257247124,-752.9960660608303
356400,-1225.7577506040564,-1610.0498827607646,-778.6066284513538
358600,-1149.552209482242,-1600.6010524760009,-752.3036435922812
360800,-1324.0324826862677,-1615.7663603128226,-850.1650896077635
363000,-1242.0851569754097,-1584.438649191566,-882.3679212239848
365200,-1017.0625477036632,-1385.6605955330851,-776.352808747393
367400,-1144.421915383515,-1769.2856587512197,-795.721106115693
369600,-1288.3013559991264,-1745.7409647458528,-956.739475533452
371800,-1277.153816788762,-1775.7427039003596,-857.7947820898673
374000,-1092.9750807414734,-1603.9916656648986,-723.9569584142783
376200,-1147.6804892770672,-1806.8128081227446,-857.822141663613
378400,-1160.5804209270011,-1585.207523371917,-891.8617435221456
380600,-1341.9664315182504,-1705.1296864622204,-768.0255498357255
382800,-1359.3578002318716,-1638.0115998005663,-866.8196293144958
385000,-1308.9808966889682,-1802.1150593595044,-976.465741360236
387200,-1156.0196092941876,-1600.0419764479047,-868.1663381959277
389400,-1412.353936329091,-1876.3805075799748,-866.0240285194988
391600,-1239.9572010423242,-1712.690786085757,-851.6279722406398
393800,-1231.9605425900152,-1627.92132179851,-859.9871473276245
396000,-1123.487086178802,-1756.9794641835817,-752.6112599370003
398200,-1378.968000280157,-1853.6526010555351,-889.1261292360454
400400,-1117.6507530642427,-1429.745888929418,-873.6004519839257
402600,-1252.854570984681,-1699.7731854699557,-757.5441469917772
404800,-1186.205499039038,-1850.345558285771,-870.4405832664953
407000,-1276.7462099009977,-1780.3335713199926,-903.7193649578593
409200,-1279.1604343156332,-1564.4935309243021,-882.8819443797768
411400,-1290.8491703608147,-1799.5391030720093,-871.2500855155337
413600,-1203.9740366057579,-1694.3592553440797,-878.2964466009751
415800,-1327.4363276630354,-1765.8630874849557,-783.8105170111356
418000,-1213.264915793308,-1695.6338193503586,-830.4480477417052
420200,-1103.8303855672386,-1535.4873967769652,-742.36026646124
422400,-1212.002036711812,-1749.9577351987825,-853.4237487166913
424600,-1086.6968560247283,-1623.7953971613658,-831.9793004495881
426800,-1145.901290257505,-1720.09285438395,-754.3367753651943
429000,-1156.1491296239278,-1504.7333440592438,-894.0836500335007
431200,-1150.860198233959,-1535.6921769832736,-767.4691281657466
433400,-1207.0780488348576,-1751.3837894188568,-897.9005711013974
435600,-1247.8934515394856,-1565.5463288851556,-1013.1744163121642
437800,-1251.3899244813756,-1779.482913745503,-949.3964850660797
440000,-1079.519597183077,-1775.148644839331,-752.8202336867278
442200,-1195.488645486356,-1807.5333317917075,-722.3920977564962
444400,-1144.039538374428,-1409.0489259841954,-831.6697767992266
446600,-1170.4076125428082,-1587.9280762003411,-866.9902381093709
448800,-1097.404267543602,-1509.0723690455159,-862.4051078202873
451000,-1267.2770173924434,-1751.262538006929,-939.5448488951449
453200,-1242.4621702543357,-1662.1827828512241,-895.0106440602873
455400,-1127.3696601921054,-1509.0538111789726,-749.7777668722974
457600,-1154.6267070228466,-1743.5522499842764,-860.6672532615048
459800,-1220.5148564297824,-1591.9014222775122,-749.7716103852715
462000,-1264.1223263219283,-1720.8130920836352,-754.2865926306845
464200,-1342.2547829377913,-1707.596523678605,-866.8585228659031
466400,-1227.5866654747385,-1657.5052726651502,-883.7369792848226
468600,-1268.5855629791201,-1526.888035797936,-871.5249241379348
470800,-1117.1743035302436,-1513.1306409755196,-748.4183186743126
473000,-1220.662955633066,-1651.8913639547193,-856.3054692730726
475200,-1228.9619554497772,-1534.3669954560169,-866.7851511885847
477400,-1366.963467583006,-1782.1836739392406,-859.0328621881381
479600,-1199.9201829557715,-1747.671748953065,-765.807776413525
481800,-1290.8220563717023,-1799.041331680646,-904.8271041303744
484000,-1259.3045399480213,-1787.7168132100514,-745.9403904524054
486200,-1151.470768219144,-1691.7457479727505,-674.4798362965191
488400,-1288.1427428322766,-1769.3958785603074,-888.1533860938188
490600,-1183.2892191842311,-1736.4361374246787,-788.6973454822547
492800,-1314.3312983211913,-1789.6015847152694,-758.3448818333295
495000,-1125.2475011716272,-1519.9473195940943,-892.8252398800706
497200,-1279.272528121969,-1772.3077638335733,-805.3175869764299
499400,-1100.154898197674,-1472.548332688748,-903.3394318944258
501600,-1154.578296556281,-1746.8501180609903,-759.5006644202253
503800,-1399.0431239507766,-1827.309775432949,-986.5943051095427
506000,-1451.8782790603395,-1812.6839775709059,-909.3442066974399
508200,-1166.069161209552,-1653.71795983335,-745.3675556383215
510400,-1007.8823282759599,-1638.0262636647374,-808.4546188820979
512600,-1099.8802182785755,-1564.5609632640571,-881.9083527648849
514800,-1343.8998811048396,-1746.1345154919738,-833.8338954616275
517000,-1161.9095219942699,-1797.5428175467098,-863.9242194520019
519200,-1172.9796333622444,-1572.5274104915281,-865.6286902981254
521400,-1302.061409292178,-1721.248482468352,-891.8761813504857
523600,-1158.7231062657945,-1516.087717105753,-883.6493946598288
525800,-1275.7264267820794,-1711.1848600431472,-898.7389127817075
528000,-1357.1081061093055,-1719.3807490476806,-867.8344238426799
530200,-1380.6851844222276,-1736.8641179478668,-866.8822495300618
532400,-1260.5893681024206,-1767.3976219396784,-866.4366637442797
534600,-1218.1667031023812,-1606.2052021412758,-816.957254159334
536800,-1210.9082783098115,-1791.9555028911973,-766.6106453820277
539000,-1356.201673428196,-1823.0820762854908,-870.1430730976273
541200,-1165.5282585336568,-1713.551523932195,-867.70529271018
543400,-1231.3739569195534,-1815.5363020098562,-964.5066282626195
545600,-1200.1841423446167,-1653.4417172870756,-982.5488331520819
547800,-1105.9748997715978,-1686.3179901756828,-676.1205584117872
550000,-1185.4570525232195,-1803.4394060251116,-744.1805338411552
552200,-1145.719684962874,-1537.4594571498776,-883.2792176879985
554400,-1317.8831861539895,-1767.3232250151793,-849.7770795792612
556600,-1234.0867790498387,-1669.9659297770897,-861.5197518064411
558800,-1172.6417133183077,-1551.9517422494062,-868.4464668792946
561000,-1305.6668983799043,-1819.3881649334376,-894.3879446068704
563200,-1274.098477010977,-1553.3917764654036,-871.9211527277957
565400,-1263.241983236438,-1518.910113025505,-868.151101609448
567600,-1095.8802430268195,-1491.864009317132,-752.457581555801
569800,-1068.382756002341,-1538.6846470379542,-760.7633361910058
572000,-1189.141243272729,-1599.1673066265992,-929.6399315555346
574200,-1246.3108939548956,-1583.406648501437,-747.3331599655744
576400,-1062.220136537656,-1339.6294797441863,-771.9380966372267
578600,-1295.927147945178,-1812.8300336566328,-890.8224743523435
580800,-1313.6658505498874,-1639.220881171312,-743.828792501698
583000,-1346.9469086501083,-1748.3147365980196,-969.4125038405355
585200,-1434.8171047558683,-1862.0965610936346,-871.4227295247348
587400,-1361.2170043639699,-1733.3632692730616,-851.0267426025603
589600,-1367.3870719834224,-1674.6437982215587,-837.3705879378668
591800,-1322.3262897266998,-1805.5934839188494,-735.9121797576356
594000,-1268.811155799856,-1722.88409257768,-872.5717571810553
596200,-1278.7569188061932,-1820.5711519149968,-851.0267883485867
598400,-1262.340974438192,-1597.7747101872778,-753.4089392170791
600600,-1189.5413924230666,-1571.3326406644796,-953.550714142438
602800,-1219.5893154309167,-1539.4866856647805,-881.9924868904154
605000,-1120.418178753009,-1836.985524252861,-794.2114319725961
607200,-1185.7027521452417,-1778.689022372376,-749.4701395160179
609400,-1189.310133599529,-1731.6817214072673,-858.0405804143404
611600,-1119.7691179069081,-1695.1571270565253,-781.3098953289604
613800,-1153.89265485257,-1733.6866546285344,-782.9548349305983
616000,-1052.2036612794789,-1639.2682117595525,-777.3096607279368
618200,-1216.092094071541,-1628.128090745731,-795.12471614612
620400,-1317.1678233663142,-1849.2284552763986,-857.9922595746394
622600,-1079.5048745999384,-1370.8782840213917,-870.4552528889188
624800,-1191.8234601622396,-1834.9651035517622,-889.0898194142317
627000,-1283.664085144232,-1730.317614635787,-850.9501355560001
629200,-1282.5543683566311,-1806.2197584046858,-882.333563394218
631400,-1240.448410222613,-1779.1467162997508,-826.7275380246475
633600,-1201.3446602605347,-1636.8560870480371,-743.610090472486
635800,-1259.4038155265491,-1827.727320938911,-758.3733454007779
638000,-1250.8029564336628,-1653.0979436044047,-758.6136429765149
640200,-1323.1300487804813,-1838.8674924349177,-864.7803719361499
642400,-1178.8056015666505,-1607.7186344114932,-837.8559423521556
644600,-1266.2571469879974,-1757.6925391329619,-751.2553707475058
646800,-1259.491577657251,-1629.8042405084705,-865.5482961219858
649000,-1243.862937023301,-1591.5536609796675,-832.1394337256146
651200,-1077.1035580025073,-1476.6238636850642,-765.8118589286178
653400,-1133.194453261096,-1480.7473628980367,-945.2485272809604
655600,-1259.4144193931288,-1686.8159512176856,-856.2238997383068
657800,-1278.195081971312,-1709.0633415308096,-709.9113220509993
660000,-1223.0248291767296,-1774.4304982266078,-890.4213009714939
662200,-1090.4076711536613,-1556.2391678257059,-871.7207950213143
664400,-1285.8533583792055,-1796.8621683132537,-897.0031744543201
666600,-1332.017450974302,-1781.0046743067603,-879.6989685963722
668800,-1166.618379261802,-1641.5405912180217,-801.4277797557165
671000,-1174.9284461097668,-1690.2199737279982,-900.9031656952596
673200,-1294.9317055996803,-1794.1696242949145,-879.489056114374
675400,-1303.9333031537526,-1747.2214085641085,-860.5525472545044
677600,-1193.743889662772,-1618.9267302694705,-886.7355903493403
679800,-1179.7961879784352,-1826.2968848916828,-845.7541694347566
682000,-1195.651505541018,-1663.9519306343336,-753.3092876674255
684200,-1217.199343959372,-1783.4313562574127,-752.3866273185473
686400,-1082.0352098173344,-1712.5935988868762,-747.4246225484507
688600,-1216.5096083951544,-1634.940305645566,-871.4123289566618
690800,-1336.0143524293183,-1698.9585679156096,-885.5689634489675
693000,-1219.7668963575024,-1590.0277477545396,-936.5825049378711
695200,-1144.5452024099404,-1638.3353485114417,-893.7585678157874
697400,-1106.4767509870596,-1764.2194124844061,-843.4690652696183
699600,-1181.9955614383389,-1593.153568280289,-867.4099886072863
701800,-1119.3552029390812,-1546.775899853677,-760.8135910389736
704000,-1302.36839392909,-1701.641556339389,-873.2278990117513
706200,-1215.5594048904486,-1639.6285165139261,-758.2882803730068
708400,-1252.4839832197185,-1554.0937188007047,-969.0454720535215
710600,-1424.4807045565017,-1714.4849150033442,-969.5248961310349
712800,-1403.3415789613002,-1830.137073202343,-911.5758635112899
715000,-1211.9467354646692,-1698.758695480271,-875.6721500084242
717200,-1271.2620396064742,-1728.4554597872511,-883.9759486372924
719400,-1199.1120808995724,-1636.5811801912218,-875.7778654093584
721600,-1210.5299488711644,-1691.673863867401,-787.8760787942323
723800,-1337.6693620784715,-1789.231321294384,-972.5951072639207
726000,-1179.4460076184366,-1564.58843462368,-814.9009448779938
728200,-1308.5920921569696,-1806.8054276183818,-886.4449493189351
730400,-1248.8544777592358,-1609.571349858796,-822.5528955045008
732600,-1142.2696262289417,-1726.5133547582136,-809.2132286625921
734800,-1229.3547699615863,-1817.0911122956315,-951.5120879620457
737000,-1248.4934479766528,-1668.3925043674296,-910.8934902755346
739200,-1178.8871368669263,-1522.5434012126302,-731.3887291533097
741400,-1199.5576102676082,-1712.9871467294004,-861.887575621871
743600,-1333.7225077300125,-1773.9495958235452,-897.5207325787007
745800,-1021.5810771566106,-1683.9439835931253,-757.5881779998384
748000,-1211.7954947998328,-1816.2041703932434,-868.6589898798617
750200,-1211.1256312117332,-1654.62467420266,-833.8343693277617
752400,-1310.575551313167,-1799.2976269691428,-800.03338571211
754600,-1186.6064319726213,-1631.212370354943,-747.6268070002391
756800,-1376.6452421672918,-1689.404746913701,-867.565309553162
759000,-1246.5629429515816,-1830.7586409995224,-838.0000039904614
761200,-1308.6116453416823,-1824.6847117939292,-865.1130144932025
763400,-1355.531587358509,-1815.4315108856167,-864.0482825331535
765600,-1181.002176329008,-1851.956813889345,-758.8235272224235
767800,-1247.762445519336,-1663.258087614304,-865.9897148440807
770000,-1392.8075745820488,-1681.4186190371734,-1085.4821491173498
772200,-1345.0599158664884,-1671.5794412736,-827.7164048297782
774400,-1194.0318468176167,-1783.907024868276,-875.7658193354447
776600,-1324.4406659956417,-1697.7719210895943,-813.2420679095708
778800,-1188.7166899750066,-1786.7759095022611,-743.5962981165894
781000,-1141.40188173552,-1622.4991672931478,-862.5993558332061
783200,-1284.003849240568,-1699.7101385660526,-880.927735704065
785400,-1198.1040565001665,-1514.2149406498716,-888.4434080463391
787600,-1258.9393974602956,-1570.844835856226,-854.1581885477827
789800,-1150.1282681362038,-1513.7610125128824,-887.7343991962282
792000,-1044.5111712134112,-1445.253925665176,-675.7270845183134
794200,-1101.5626243999952,-1741.9236156473048,-795.7301922951291
796400,-1284.2183269081188,-1825.3128244085183,-849.848924361554
798600,-1245.7755778709886,-1644.796142199282,-838.8316428737899
800800,-1173.8357708168635,-1453.3312731998967,-863.8032792225843
803000,-1187.5296396106846,-1601.9882464986204,-830.114703786506
805200,-1185.1453273228055,-1724.49899343492,-870.1709851454543
807400,-1083.7174182949877,-1600.8110122134265,-841.5480022533918
809600,-1302.7165879609217,-1769.8398315619204,-763.8934968063537
811800,-1277.0644688806356,-1791.1828601201473,-840.8592500935008
814000,-1256.415794065665,-1743.1294970749395,-889.5915100393494
816200,-1213.8233447659827,-1816.6937649771205,-864.3304053804752
818400,-1209.216586142939,-1720.1545177482276,-750.6107112343332
820600,-1296.7027515786647,-1831.8780923877869,-894.7129378145411
822800,-1289.4112044177189,-1609.890376562477,-874.194005686306
825000,-1306.2750336700421,-1777.6246936748973,-753.483520119405
827200,-1226.8053985198776,-1740.2780237046372,-841.4539335333526
829400,-1251.0121130683574,-1623.8391455460053,-862.6401522144346
831600,-1351.048323050523,-1748.5624735406664,-905.7071064245614
833800,-1167.3650488096523,-1539.0985898791635,-950.7685294621975
836000,-1432.8184401759006,-1714.7375803054094,-755.558727675148
838200,-1228.9116969587903,-1746.0642592547981,-860.6888131144415
840400,-1252.8992214628292,-1698.4509885194661,-766.3313360678932
842600,-1330.094580890539,-1783.1251723183123,-785.9134654563417
844800,-1334.0806662354544,-1708.4908949707062,-1057.021557566712
847000,-1227.778699536483,-1827.4886660453583,-745.1727595551489
849200,-1281.4007720276534,-1754.9303785451925,-862.0833723875479
851400,-1214.1237045867701,-1698.4928578214433,-832.6739357052803
853600,-1310.5373000522015,-1692.0227591835048,-731.517020521657
855800,-1301.497540942599,-1705.7354628493408,-847.6717550279125
858000,-1364.667699409724,-1768.7418794464572,-853.5168479983873
860200,-1072.549863491238,-1366.726446469141,-770.2810912563534
862400,-1236.4040393975226,-1678.5352349347347,-880.6360964316236
864600,-1103.3676925646696,-1345.2809245212036,-750.3248768546639
866800,-1363.1022405520853,-1864.594614564588,-751.7054442683275
869000,-1110.5926322731762,-1537.341439625213,-860.2486400531935
871200,-1182.7917400577664,-1775.6250491214414,-757.3364048966232
873400,-1152.730495857382,-1751.2102803468708,-857.2136645896809
875600,-1404.3530960769162,-1769.5720947626885,-1075.979363537783
877800,-1281.7814051490298,-1684.9740998236437,-912.3792378407031
880000,-1210.031040344619,-1517.1887361635843,-870.9562338529446
882200,-1230.455670471815,-1634.8656473708643,-868.3622867712781
884400,-1226.8369762707475,-1661.5144140304183,-880.3982747156651
886600,-1352.2354499375379,-1740.920500011973,-973.4746126503329
888800,-1100.485486207094,-1562.5768909486756,-857.8464592673839
891000,-1166.5776433043038,-1785.1505309044726,-864.1862253630194
893200,-1339.1790191321775,-1739.572996802969,-888.5684868713344
895400,-1213.5706493042996,-1629.5626728883285,-734.7823849694113
897600,-1036.6399694138865,-1455.4093814111518,-856.2158851952091
899800,-1047.2430049716002,-1412.243597533004,-759.4484605237368
902000,-1271.8741989452953,-1817.2341067404361,-886.7999374464806
904200,-1242.3568056392885,-1813.6814709901623,-879.9258598515703
906400,-1082.961481791147,-1702.2970863383116,-743.3721056818812
908600,-1175.673878072588,-1752.976218875932,-782.7049302544528
910800,-1260.6319730264565,-1655.1634781472349,-868.9173721811917
913000,-1149.5122153113166,-1589.001679887966,-869.0331145071805
915200,-1382.3043939277452,-1822.7474820868044,-817.2564325964488
917400,-1156.2504662508838,-1811.4376809162852,-772.2881126606856
919600,-1321.5949539828273,-1781.6457607779764,-966.0669144069308
921800,-1275.4425861574325,-1824.9871208028096,-906.8013871768678
924000,-1196.139060019768,-1758.8343990875412,-835.0137777270984
926200,-1245.3915188685553,-1777.081124073508,-745.1719885039919
928400,-1230.054473047137,-1748.4510355312543,-634.913139919191
930600,-1260.961823827148,-1711.1614176185253,-777.1461497758421
932800,-1076.910195501726,-1644.0721315735832,-752.5997551294278
935000,-1254.4379457229495,-1735.1887361127715,-856.9249062701052
937200,-954.9530004658824,-1195.9660608055435,-760.4410305133674
939400,-1201.3692547922449,-1806.3288166456396,-883.2311741806263
941600,-1128.0441137183195,-1728.836542812636,-802.3408543421407
943800,-1374.5491207415887,-1858.840083154877,-892.4886488234864
946000,-1119.4220906809658,-1583.5357456494778,-838.0143416496009
948200,-1151.0374070931975,-1524.32074348072,-765.0896932351319
950400,-1329.5423460769182,-1752.0772772743917,-811.9082728039299
952600,-1233.1141277485078,-1648.1497421540892,-757.0363215755972
954800,-1122.4419669445067,-1598.3060437330882,-749.3895307576903
957000,-1170.250883604266,-1456.8240208101863,-809.7357355973606
959200,-1313.1894356641658,-1634.076851648198,-901.0927069056536
961400,-1348.8080713626978,-1769.43618402065,-851.35938870813
963600,-1280.3429934841124,-1847.3530041788752,-881.2930678367288
965800,-1317.031659378222,-1808.57481575136,-991.4009311246351
968000,-1257.6152053027854,-1767.7841927141687,-758.9000767352373
970200,-1261.6317647130315,-1856.1824345324208,-769.8215006269893
972400,-1153.676456742722,-1426.1800597660072,-933.3424176248366
974600,-1167.8358423369464,-1747.636094031048,-746.5486979435283
976800,-1246.648608156887,-1621.123973007389,-815.0373237497524
979000,-1378.7839846810266,-1693.0457164165032,-1106.984222237703
981200,-1308.2543393764392,-1858.6657656585069,-980.8641800220447
983400,-1289.1276851788919,-1687.4766838242451,-964.5767185876888
985600,-1282.114721865939,-1811.0638018827735,-791.59386014593
987800,-1137.6101952883719,-1562.0035310770836,-858.9578906777277
990000,-1275.4659130684922,-1637.3223728466928,-963.0743745750956
992200,-1275.5776487372227,-1763.4266007565025,-865.099601868839
994400,-1271.9134630888623,-1782.995007158992,-757.5263615809606
996600,-1226.9666122290737,-1780.6551183852807,-776.2393776140962
998800,-1217.3217419520474,-1688.5492935750308,-761.3514047637066
1001000,-1272.9259214622698,-1848.9406512820888,-858.8767839380791
1003200,-1355.907431887824,-1715.9626416958233,-771.466166271796
1005400,-1291.6132295756788,-1788.4437552726645,-869.6005761653519
1007600,-1340.6628614785116,-1744.664546912979,-855.844856810001
1009800,-1259.2127119797267,-1590.3385320465723,-883.9512411052665
1012000,-1104.6486270932726,-1609.3637640816744,-855.9617407445794
1014200,-1166.583330676169,-1591.5598954091613,-859.5305952890166
1016400,-1317.4341225647543,-1772.9194086439793,-776.836159363945
1018600,-1305.5034614106755,-1786.320193587113,-900.1741442858953
1020800,-1182.18571361928,-1582.657543103321,-741.7157379083067
1023000,-1315.976081433171,-1804.4618565336755,-881.8857960295148
1025200,-1204.6313323218003,-1690.1806888322697,-873.7871407811836
1027400,-1315.5629389521857,-1764.3513666484102,-953.4674628841836
1029600,-1155.9394281271177,-1675.09458572979,-747.3857473111941
1031800,-1287.3501998082916,-1729.880338787753,-867.8255947081112
1034000,-1112.5914267549565,-1700.0016358477121,-767.4169001175741
1036200,-1198.6501801604388,-1770.3693319413176,-746.2062179464687
1038400,-1413.981648906555,-1767.1849086923298,-945.1661469820779
1040600,-1227.2199763088431,-1644.85983160839,-880.4125415437467
1042800,-1123.2713710851915,-1488.03240256103,-824.7462617012524
1045000,-1356.6304541296677,-1743.7687935941206,-891.0289799428822
1047200,-1429.6095380509523,-1834.7822261832464,-985.9689728467263
1049400,-1346.7516185139214,-1661.0909560153527,-755.0764435116693
1051600,-1284.0851352440181,-1727.489370041499,-817.0131762020658
1053800,-1321.8991239114073,-1778.302064855798,-940.7256382516982
1056000,-1222.4920674062769,-1575.1263294900223,-732.557011818183
1058200,-1280.249334724593,-1670.0731924347126,-945.5519579867259
1060400,-1313.8181412478264,-1689.7023960521121,-736.8970260478255
1062600,-1405.7786136252187,-1773.9195785527875,-868.7678849809338
1064800,-1147.8489732211665,-1632.9046222825377,-816.3917015015984
1067000,-1343.348051767799,-1778.733411789969,-895.2370858157309
1069200,-1195.8205883513542,-1567.6620253136255,-772.3149197716683
1071400,-1414.0292591592156,-1751.092445992607,-1164.876351384937
1073600,-1148.5878316500805,-1562.2903670031926,-893.6540219676701
1075800,-1212.277634505675,-1668.5579567353461,-858.3214006687326
1078000,-1311.51520405445,-1717.5642411333026,-892.2967060824872
1080200,-1347.004282725565,-1716.7987441480361,-748.6571476971798
1082400,-1223.2210536264326,-1649.561716009699,-764.9317772775163
1084600,-1238.258334334188,-1791.7058219913267,-888.1410867540632
1086800,-1170.2177917151869,-1790.2171563506083,-781.5252480244975
1089000,-1143.4728213508026,-1532.302341877291,-770.2081923571494
1091200,-1328.2653470004464,-1613.7841782211754,-962.6257484007596
1093400,-1194.0422983876415,-1674.2731196005627,-869.9828791503749
1095600,-1201.9975814121588,-1720.2429512301808,-760.9045242104286
1097800,-1280.205485334771,-1777.2251727825712,-848.3545870029203
1100000,-1199.220206813616,-1736.075745263189,-869.1264786706846
1102200,-1259.921914303833,-1786.9033212521308,-884.4781909006816
1104400,-1291.485640739097,-1827.6450110511291,-861.731873776362
1106600,-1217.3746830482073,-1653.8712148800191,-873.1975424285458
1108800,-1047.0308657162711,-1493.3502158996394,-764.3906056041396
1111000,-1238.3592610236733,-1761.0167344325068,-867.1336549171898
1113200,-1218.146426891318,-1774.9418357027648,-862.9785858831083
1115400,-1330.6499007651175,-1791.0064604427962,-996.8346405159748
1117600,-1326.7330613306249,-1723.480665361684,-873.4839984221196
1119800,-1321.0571733683216,-1667.364413244613,-900.6622169714676
1122000,-1188.4354372746902,-1787.6989144696634,-701.9086499754226
1124200,-1189.0228592909864,-1665.6420967647678,-871.9763953916482
1126400,-1274.0591069679904,-1656.6089154770675,-870.5381971778078
1128600,-1133.289737474575,-1547.538810986172,-882.7265036193348
1130800,-1217.0283298357817,-1671.750683761597,-944.5415273627652
1133000,-1171.971338774192,-1518.3586709367517,-865.850484146956
1135200,-1341.05364423575,-1730.4913405970342,-875.1710744644687
1137400,-1138.9146973462994,-1782.9491952574815,-758.063532345803
1139600,-1405.185863869145,-1778.2889971323548,-1177.0572999271524
1141800,-1233.867336850409,-1687.1029205875677,-827.8850446291235
1144000,-1277.6031765248722,-1761.6820163862826,-758.6161339620415
1146200,-1194.5077780609533,-1565.5111405842988,-894.1245924424104
1148400,-1207.455694754601,-1702.596013264618,-727.771915179377
1150600,-1204.1878018929174,-1619.1389220781948,-832.1134713649901
1152800,-1178.1068105374695,-1682.802387701263,-882.0282920013791
1155000,-1369.2291850433487,-1789.351609507558,-967.2293693219433
1157200,-1325.2230263110691,-1682.1656565026428,-918.728139456196
1159400,-1213.0117141085727,-1765.9379047841387,-860.1606112039327
1161600,-1391.8999039092178,-1808.6492084046959,-786.9710355153535
1163800,-1384.0815664773959,-1810.735590411545,-873.829061235684
1166000,-1277.375402180617,-1866.3431448566532,-898.4223285227803
1168200,-1311.66967804906,-1773.0177361192964,-903.1956269790552
1170400,-1270.7017479997342,-1705.2007136714335,-752.623669534238
1172600,-1225.6345601327373,-1783.7435136801303,-921.6339532599
1174800,-1093.8317597372634,-1761.487415133372,-749.5867316565385
1177000,-1191.432149714403,-1622.7711914029012,-884.6545950661609
1179200,-1192.9937621032077,-1613.7476314475223,-757.9395605272045
1181400,-1320.6245180292922,-1788.790116725076,-847.0214700934378
1183600,-1200.3042955419571,-1713.785836006976,-843.2816381971701
1185800,-1303.6661131079525,-1628.1548328242268,-961.9093183451041
1188000,-1241.3902906800154,-1771.3229637042436,-840.6782689337299
1190200,-1247.981119978058,-1545.5697693650648,-888.9708579315825
1192400,-1196.2757635771022,-1625.633559672606,-743.4536839795766
1194600,-1138.186884968353,-1661.5091814298235,-754.3588462091566
1196800,-1165.6433457667156,-1639.759814164273,-733.3994224221191
1199000,-1319.5942916218353,-1763.663363584558,-881.0225996785949
1201200,-1287.6456718290578,-1750.0523515875036,-893.9242473814253
1203400,-1051.223251403149,-1360.3274083136753,-786.2032157640547
1205600,-1034.2595534021477,-1335.022623408959,-753.70831673446
1207800,-1363.911568821291,-1790.9361816748328,-971.299008257192
1210000,-1428.6565080839202,-1760.995774026497,-967.2526169650847
1212200,-1300.0251037783298,-1877.5899919387653,-762.9592403927332
1214400,-1247.9365165848415,-1560.6775978878402,-898.9935258209359
1216600,-1160.6604700284415,-1796.2931984033467,-657.0709038088637
1218800,-1251.676993905197,-1790.583069075625,-892.4972779621029
1221000,-1341.22008763149,-1782.6387652511403,-877.2731346398984
1223200,-1217.84081374241,-1656.5301438562867,-747.628799597664
1225400,-1212.2924430747662,-1836.9434958064646,-747.0392023863295
1227600,-1182.4457638325896,-1673.4888099939003,-881.7933085330129
1229800,-1199.611378739279,-1678.7199989965266,-755.5863679617954
1232000,-1220.8558647690386,-1736.5190570666405,-896.4105719029016
1234200,-1182.692576731448,-1558.1854954781131,-766.9782461654681
1236400,-1178.2316344892367,-1659.5322476793701,-793.4314444165113
1238600,-1079.5594537503405,-1564.9761742248365,-842.2917061520179
1240800,-1166.071658957423,-1483.6660274583676,-785.5013441540842
1243000,-1114.3748095715348,-1612.527727995609,-748.1966923757722
1245200,-1445.0595980786084,-1837.6849131816168,-966.4062555756707
1247400,-1184.9032379192206,-1614.3021939312466,-857.8315733586841
1249600,-1170.1646370343321,-1429.490322182751,-871.8143140655321
1251800,-1312.3092905773244,-1710.2738015374655,-957.5677564469763
1254000,-1148.4038506604786,-1699.3734401746435,-771.4351366524085
1256200,-1316.790482759701,-1681.3193392926426,-968.0519634600018
1258400,-1171.4372325799143,-1751.3397954740667,-850.5496125348443
1260600,-1336.2327446967772,-1717.7281428783278,-831.5033252421022
1262800,-1207.464890720423,-1550.9491801795511,-888.0442624412472
1265000,-1149.724629297987,-1740.7032562403294,-872.9179193313967
1267200,-1068.3310571225495,-1570.4533382070038,-859.0485253321816
1269400,-1313.0689157354097,-1739.7279797886229,-759.4648138880085
1271600,-1283.4720339791277,-1843.318898106381,-886.5192124139961
1273800,-1191.823453208621,-1790.0984222364339,-861.3288257543293
1276000,-1155.3382926552274,-1583.750181107008,-854.603381340872
1278200,-1212.5758705519563,-1559.4725981594538,-895.4885832590203
1280400,-1153.2733130468907,-1783.8053491912826,-874.8346575248662
1282600,-1187.2860044666302,-1690.9846832798046,-866.9279020658834
1284800,-1356.2715922978114,-1797.0063312934722,-965.0757735362907
1287000,-1181.2373388197068,-1738.2509296316523,-759.2077257190512
1289200,-1161.4773657101393,-1495.828024478856,-856.8889938512727
1291400,-1154.8370367397742,-1468.7585892090617,-736.6854712773114
1293600,-1284.948596897989,-1751.2621449387852,-757.2691440565803
1295800,-1304.0976283227099,-1504.5022251417668,-879.7751474034903
1298000,-1169.6822667507247,-1584.7767522211464,-844.3096734918639
1300200,-1194.0038418466984,-1711.7031776057663,-744.7048034462388
1302400,-1331.2767925301678,-1740.832008105916,-832.1156280822423
1304600,-1220.790832707211,-1845.4561787852117,-720.6729553752999
1306800,-1344.5187564599125,-1812.405982826769,-1035.3370517281746
1309000,-1146.5219813522233,-1709.6943011088626,-812.7555406026091
1311200,-1229.9089849012362,-1674.2425119168238,-893.1319508650694
1313400,-1242.4947682135344,-1741.1687966052693,-779.4089842816072
1315600,-1236.7549326201224,-1686.6488884726352,-964.3557639999077
1317800,-1280.7032720412594,-1725.1842630720157,-758.5686430333789
1320000,-1143.4271338060971,-1547.620302179624,-903.8413250858436
1322200,-1102.4064805320118,-1796.0241800849005,-759.7207115297016
1324400,-1251.7260936213925,-1726.6001672206833,-877.359007389531
1326600,-1221.3433980187676,-1737.6420683582367,-862.856124442954
1328800,-1046.7010142627987,-1571.1944844340849,-633.5505780190019
1331000,-1337.4640693948593,-1793.1803849232517,-856.3256180531608
1333200,-1283.2602527662436,-1611.266923786074,-890.9224775853588
1335400,-1268.7405161283846,-1822.0807578487656,-894.3648174619497
1337600,-1227.1029294116606,-1757.5036072599025,-770.8006240155539
1339800,-1265.411473482032,-1716.8681827191233,-886.0860032371121
1342000,-1349.9875214311767,-1762.6013194806392,-893.8111597867397
1344200,-1294.3666360104387,-1734.761702659705,-856.2601043650058
1346400,-1280.4185883597108,-1555.9945391928798,-888.3129583262195
1348600,-1155.6552361063505,-1593.1701662806568,-766.2637486473998
1350800,-1191.869042906788,-1687.578888411855,-862.0900515780801
1353000,-1216.6397423340293,-1663.8231788180901,-852.5452378089191
1355200,-1127.6695881678756,-1585.718901899352,-775.6055576454294
1357400,-1280.2373243954169,-1676.1453711688916,-872.7423003698445
1359600,-1208.7582281134294,-1668.2233314394807,-900.2591356425414
1361800,-1180.0249459837419,-1414.6120101107347,-843.9252202658342
1364000,-1276.2423152184172,-1564.8028698348935,-973.4636695250196
1366200,-1122.4950028555577,-1745.77129631865,-844.1267953299676
1368400,-1328.1861691139225,-1614.3983834349458,-910.4233752509741
1370600,-1278.2478542441802,-1670.8691677301535,-886.2495175194858
1372800,-1292.1636089132319,-1752.1423668073537,-789.4804090752718
1375000,-1180.8774993041902,-1704.0807833886104,-863.4212001460294
1377200,-1430.752335382147,-1785.8178265707727,-984.5121795019276
1379400,-1170.1338764725606,-1424.9343020616857,-901.5361822701636
1381600,-1211.7877501116018,-1615.4842878919699,-912.4486775243797
1383800,-1326.1186415428137,-1730.4746464657544,-880.7738921581616
1386000,-1287.9691688571606,-1647.1285812228043,-858.982694739918
1388200,-1311.6736441763942,-1692.632355535308,-782.7203769760285
1390400,-1217.5633802045172,-1751.122246314155,-774.2918508212164
1392600,-1122.0443679632608,-1760.982155504095,-753.7336853793998
1394800,-1234.6384069811372,-1818.5627819336653,-881.3668878468721
1397000,-1234.2724655388113,-1634.0109508979594,-879.3906760185482
1399200,-1399.8273836353221,-1848.9524185476741,-859.6384511812356
1401400,-1334.0962226589095,-1749.1856577312706,-872.6747983819685
1403600,-1143.9392527169546,-1694.147610090431,-826.0966051798175
1405800,-1365.3270819495049,-1828.759438011233,-967.9050993804882
1408000,-1220.0089847292666,-1645.757352268905,-969.0328670046744
1410200,-1260.9350876698416,-1687.4963992982002,-865.540466985495
1412400,-1197.8825666198823,-1774.2764103971897,-768.6051444683122
1414600,-1225.1362655330122,-1777.6664559991862,-899.239509306794
1416800,-1209.2273206568964,-1737.735179961341,-909.8196582629301
1419000,-1224.3968226463332,-1825.4626230668755,-761.9009284520193
1421200,-1173.2556661237481,-1735.6373107665586,-801.4638713611411
1423400,-1091.3905657424243,-1469.0613914042387,-779.5703331287734
1425600,-1174.4992186120814,-1675.4790323972602,-747.6352529241157
1427800,-1332.5408371982426,-1835.786295239869,-857.3320318618563
1430000,-1303.2935561509964,-1833.8924885908184,-830.8209497573974
1432200,-1200.0747472357307,-1619.1480600841126,-933.8854470230037
1434400,-1270.8622757340324,-1805.2706079456145,-880.0686215536206
1436600,-1167.6402216803365,-1811.6200259965522,-777.3805809880944
1438800,-1278.7539645891839,-1699.8113630036462,-853.3082880239405
1441000,-1128.5451862641316,-1638.981280090977,-850.0222494226487
1443200,-1197.5128699288546,-1688.0773150993216,-816.4548662031722
1445400,-1198.0452518228938,-1745.2880663389187,-757.3535603198466
1447600,-1189.4541490632093,-1675.5559555783116,-799.7751964158762
1449800,-1146.4351763331113,-1629.7973531036175,-754.8196179386705
1452000,-1250.8084656678636,-1749.8390200274291,-844.643897909081
1454200,-1168.9572247008516,-1650.9948923047157,-747.4673716768917
1456400,-1205.1260403190236,-1661.869568999354,-866.7906293754719
1458600,-1226.781383167708,-1565.9500044342983,-867.994471959115
1460800,-1258.8727173855361,-1694.4101331994655,-861.4272917842175
1463000,-1292.4533905294957,-1862.5276460244177,-968.9691759583736
1465200,-1261.2133999267096,-1798.9526497920722,-738.92121500855
1467400,-1171.7177117599701,-1603.0835765913544,-856.6101820945935
1469600,-1338.0674743204331,-1797.2267986377426,-978.738454820685
1471800,-1160.6115915044604,-1760.4182150736942,-752.7074633622635
1474000,-1263.082248977734,-1742.9929216150151,-857.9543139619826
1476200,-1293.0143264560324,-1771.9617539350938,-881.3437472970649
1478400,-1243.8826315856475,-1649.9130502395653,-890.5192007980266
1480600,-1249.387798789435,-1589.7790323312097,-961.0826859617182
1482800,-1338.1252033596463,-1750.1909904135275,-896.8707548276228
1485000,-1339.948511748788,-1774.0026081260703,-854.8545964371194
1487200,-1161.0873938216334,-1502.268054868135,-766.0313474540955
1489400,-1365.6059090325869,-1771.8673894606434,-848.557395297039
1491600,-1234.762879868008,-1741.1244283693138,-751.774608161766
1493800,-1341.1582650430503,-1574.7506805313803,-943.0763718869377
1496000,-1354.7073443749869,-1685.361347157956,-865.1523948524655
1498200,-1309.7113646774258,-1805.1591256484164,-880.5365484750993
1500400,-1153.3386080098874,-1636.531499253491,-864.8422440763467
1502600,-1084.9283552954578,-1430.933159100422,-804.861722314413
1504800,-1201.3666895536478,-1690.777620832055,-877.378926568943
1507000,-1388.6984571456608,-1819.0963938910554,-871.9248680275768
1509200,-1210.5190434198478,-1665.5156376200366,-751.3317567142903
1511400,-1305.8027828209727,-1726.9877548080608,-1002.2734347538985
1513600,-1153.6586592438728,-1706.7113757488169,-838.0035107871096
1515800,-1264.5611936880862,-1776.0583111207839,-969.6267287827997
1518000,-1230.6902491196147,-1748.6782081005051,-751.9484533137478
1520200,-1232.8175002730536,-1844.047397179525,-754.7176132617152
1522400,-1150.519484776066,-1688.7420097325949,-754.9255241488278
1524600,-1279.789435971101,-1719.921525746597,-829.526360718482
1526800,-1136.3284694319598,-1653.8597735916549,-871.5387577679604
1529000,-1154.100856127265,-1584.3431393111102,-755.0493148316472
1531200,-1271.8920115613075,-1782.9356866543403,-874.1047363052386
1533400,-1277.0252679088137,-1725.6625098793597,-659.9418027675812
1535600,-1196.024166275847,-1552.724257445255,-967.4795402754354
1537800,-1128.68969820721,-1600.5091447991176,-880.9009915705188
1540000,-1105.3975449949364,-1604.1678216215507,-772.414590902618
1542200,-1184.2992643329287,-1710.7916520328704,-890.4131461154891
1544400,-1232.1640444894708,-1597.3345090825505,-745.5616059938807
1546600,-1288.471303463542,-1664.423985637352,-877.1758524909663
1548800,-1195.991327900978,-1729.020349705141,-878.2948001409276
1551000,-1176.2023582855293,-1612.675240745402,-743.2124309798623
1553200,-1108.0832222845338,-1577.717660354827,-870.3746610472541
1555400,-1276.6286112029275,-1794.695012540718,-873.877635361047
1557600,-1192.8323637496287,-1585.8998087212087,-839.2052804668707
1559800,-1242.0878491890526,-1757.547463563849,-950.4187705914306
1562000,-1149.0200370176747,-1537.8837235995252,-859.0982610623355
1564200,-1185.1141802279126,-1793.9596664768208,-761.912894510036
1566400,-1216.0054057687414,-1677.0903556062397,-873.7034052858754
1568600,-1260.8539810454517,-1649.7944923093053,-945.7694960420419
1570800,-1281.6565590736404,-1773.852496287373,-880.9499211691975
1573000,-1272.234422802887,-1702.0238566030116,-851.7083966965046
1575200,-1171.2861541166092,-1642.643053995147,-767.3334729627235
1577400,-1234.3222124903946,-1735.6253272347499,-886.6174519576392
1579600,-1234.1932509469543,-1579.9687941176828,-930.8064853550261
1581800,-1297.9981039903005,-1681.0389344087496,-971.174599621768
1584000,-1327.4714500578336,-1787.1618404432456,-971.9116386171249
1586200,-1173.5701986080467,-1679.4705745921988,-966.6061700900345
1588400,-1185.1433786479588,-1717.0603613982191,-644.2476434840787
1590600,-1213.3836044965576,-1552.3469438348538,-763.9798705313734
1592800,-1043.482671485658,-1395.5834381641148,-858.9266203699027
1595000,-1153.9698076443808,-1639.5899498400297,-755.611221159916
1597200,-1301.2863070163921,-1786.4677629553469,-881.5950148519324
1599400,-1103.6801212251805,-1750.271111919248,-846.9345836895415
1601600,-1307.962393735427,-1713.1516097733213,-871.8824174583397
1603800,-1189.4450433175814,-1790.6382325293837,-767.0930919435369
1606000,-1289.98548729873,-1679.2983403010264,-839.682141770084
1608200,-1303.4548290620655,-1713.92449020085,-876.7795075451461
1610400,-1220.7861060987404,-1597.0892248914718,-859.312834353609
1612600,-1126.7464462814937,-1672.5386185890563,-766.942493658098
1614800,-1324.386519537945,-1754.400613088195,-898.9492971225449
1617000,-1258.40565525037,-1697.4218761633506,-859.409571530571
1619200,-1150.5859548477338,-1691.386448937205,-877.8189880409121
1621400,-1157.4076937320601,-1715.8007923159232,-769.542091781883
1623600,-1236.6686643841012,-1725.515737559532,-870.8120896500981
1625800,-1130.8388234135184,-1761.1384450807523,-753.8035053488419
1628000,-1202.8337818611358,-1554.650798295452,-881.2051414588534
1630200,-1234.684390881891,-1565.7279577815746,-886.7463959672756
1632400,-1129.749844752905,-1625.707308076477,-823.7261762421846
1634600,-1295.9510234972704,-1684.8106098944456,-880.6054374131035
1636800,-1162.6097735972455,-1785.4596716537299,-858.0260669577934
1639000,-1373.3726654434524,-1862.251996793247,-898.1214487546961
1641200,-1201.9825552206155,-1693.0344419325131,-763.8048254096022
1643400,-1253.8050357414058,-1711.935555059321,-889.7214009421533
1645600,-1338.226709861417,-1834.0807276569906,-740.3804446008813
1647800,-1285.3470944818323,-1708.875482303724,-815.6497364673369
1650000,-1229.562651305392,-1628.4468518182107,-851.6555909040051
1652200,-1177.1783915550575,-1786.5773963296554,-751.4435688966513
1654400,-1073.7441337540697,-1720.0138504214026,-764.6239334352372
1656600,-1279.749556392141,-1782.6874077118218,-840.3542369993471
1658800,-1175.3280427159855,-1649.5645037192955,-775.3124018859514
1661000,-1205.6783118232265,-1732.8767590746522,-757.3998012262039
1663200,-1134.2834380411177,-1671.5616266833918,-841.2400750379669
1665400,-1255.2822903675099,-1659.1880979156597,-745.7551224410743
1667600,-1315.7869406671855,-1728.7182092351854,-867.8344755314914
1669800,-1152.0147601580147,-1374.368306088451,-749.9441468990271
1672000,-1243.1473984107236,-1814.0842667608138,-769.005506168146
1674200,-1401.506603433885,-1746.1317952222237,-990.1130553994624
1676400,-1216.3508955799036,-1753.1410252656906,-857.2614506046116
1678600,-1196.6778862418362,-1592.0933860252987,-860.3145405446671
1680800,-1183.9283143067807,-1615.1209716214878,-916.3400578664255
1683000,-1260.9902874128413,-1733.945789823639,-962.8105745214581
1685200,-1251.8157836871474,-1750.9110626533554,-750.2442232034958
1687400,-1204.0671902026336,-1670.324386040859,-858.5696816626726
1689600,-1125.750689806494,-1804.8261014722457,-781.7762749382649
1691800,-1261.372389667324,-1597.3178106332894,-889.4526663113331
1694000,-1249.393148871319,-1823.5024721437685,-754.0832773403923
1696200,-1149.4050542817915,-1674.2195329755045,-832.3576562988594
1698400,-1211.9827756532302,-1850.273128446316,-666.7229499826188
1700600,-1295.955852350984,-1653.0255058946016,-903.0430330458896
1702800,-1234.4008146836802,-1799.286116752476,-876.2525034436105
1705000,-1167.7684756888311,-1726.496053261113,-865.990732591152
1707200,-1203.2648266808837,-1652.147018862568,-746.7627452670945
1709400,-1290.2027775912024,-1624.4281919703963,-1018.5233996298666
1711600,-1304.1892567969217,-1763.7027997369562,-769.3510721247859
1713800,-1300.561916274961,-1710.9786193937,-757.4071732986645
1716000,-1268.1695869771956,-1618.371210513596,-907.4032126308526
1718200,-1190.6451834616262,-1670.6708830614023,-951.1616057720793
1720400,-1294.3206294036404,-1728.910401074495,-913.3624961540364
1722600,-1299.140923280155,-1692.8905264996845,-874.9433948335912
1724800,-1216.427192931529,-1666.3590893825958,-850.7046121341209
1727000,-1192.7681322380306,-1656.287483016375,-818.5461320018177
1729200,-1300.30126235669,-1635.3270048734967,-790.3733084916998
1731400,-1426.33336232865,-1758.9482609834058,-859.9117106375197
1733600,-1244.1166239245554,-1813.8227511882083,-866.1377072404886
1735800,-1280.8762075170237,-1627.0691211319047,-851.5452961331397
1738000,-1154.8429070245127,-1572.893213987814,-893.4686961964807
1740200,-1202.9238323316433,-1717.8788296854705,-881.207551233786
1742400,-1251.2639888010408,-1576.668579840366,-869.5404343205506
1744600,-1086.1508523810294,-1455.4812950432965,-855.1981567163266
1746800,-1389.0695489393986,-1796.7622156291438,-843.0460708296981
1749000,-1203.8987313068155,-1636.8612737866167,-777.604685696826
1751200,-1199.0284276854773,-1725.0863490818613,-842.2194654458682
1753400,-1240.6008264590337,-1680.5503289493113,-882.9994018913598
1755600,-1250.3704929248568,-1710.8468875699382,-887.9307646305822
1757800,-1108.9729149869086,-1510.2680385579092,-896.2206111357017
1760000,-1152.4262570854617,-1659.2036769537278,-861.9906277882484
1762200,-1154.4442705223098,-1757.7967370083743,-864.1050748501717
1764400,-1164.7678537553074,-1757.1092785453193,-778.7652669685804
1766600,-1067.935218691049,-1642.2952978963867,-869.6313442930922
1768800,-1234.5739761557493,-1682.5829560634875,-858.8267711251051
1771000,-1221.0837060376118,-1615.3605814509517,-895.0384134818863
1773200,-1187.2255569662016,-1815.6988135131096,-893.3595125337755
1775400,-1220.4668421138215,-1710.7015642444373,-875.3852333616513
1777600,-1177.5077349332573,-1748.526599129969,-909.7219900099757
1779800,-1270.242507678005,-1685.3060029043324,-866.368421168954
1782000,-1175.6240536731264,-1537.8149736626474,-809.9772767443327
1784200,-1245.269048960045,-1607.2431999970065,-818.4535192707367
1786400,-1307.636012967248,-1583.42808071271,-910.0651684672794
1788600,-1456.1962244079407,-1706.4453231170019,-1124.143178225982
1790800,-1249.8880171049705,-1694.7198726356173,-892.5970268878316
1793000,-1080.7724757757808,-1413.400187010509,-749.2597129332796
1795200,-1209.5827614157454,-1747.304301717712,-896.9704121987081
1797400,-1332.7347576498933,-1818.1361821007283,-780.2405697194305
1799600,-1377.0443389466493,-1674.1223332264503,-1030.724640329433
1801800,-1451.319162057204,-1775.2879457153356,-947.3396076975098
1804000,-1167.5353598960241,-1602.166314483961,-869.9581357861631
1806200,-1333.5666299569632,-1806.2419910925285,-865.2233170491046
1808400,-1051.3405284265698,-1488.3457472116304,-800.6054142199649
1810600,-1308.7900162895155,-1773.3423636601285,-868.1269071018563
1812800,-1059.7985886361755,-1363.8287137526909,-754.0079672149677
1815000,-1260.6811837764226,-1650.3039411955208,-973.4588770732098
1817200,-1212.2895949157632,-1784.3744234478936,-771.7333022666422
1819400,-1297.1552704597018,-1749.2657118913087,-766.7507086003156
1821600,-1429.0691977828037,-1751.805201049959,-1068.1389857305483
1823800,-1172.232847406302,-1699.2351318023095,-763.8808238502803
1826000,-1180.9413416124962,-1643.2212735127687,-876.4594009598873
1828200,-1348.1601169125606,-1804.5055646663034,-839.7897153068004
1830400,-1449.1745566348825,-1715.3994649195108,-960.133074939919
1832600,-1208.4706424444173,-1734.0069424735914,-869.4856772365359
1834800,-1217.3413488585036,-1730.7444579703604,-794.7756403442901
1837000,-1368.3637539702902,-1787.6276478588702,-896.6988737144787
1839200,-1127.3470757865268,-1801.7755071925221,-755.4824351591827
1841400,-1331.1431289349591,-1804.5506108066659,-1066.464658542087
1843600,-1194.0406608454025,-1717.9751734967463,-885.4489957468644
1845800,-1195.277732244176,-1859.086140069206,-811.6254569999977
1848000,-1147.8911733656262,-1642.4461322372845,-762.7428661996852
1850200,-1190.0310968498245,-1752.5579834873413,-875.6167082040585
1852400,-1237.6678106457093,-1657.78957387089,-874.7193662124
1854600,-1215.7101477696904,-1654.2974996092523,-806.289345357113
1856800,-1246.8517516247955,-1805.0782222083028,-864.2281419090988
1859000,-1309.8888174942574,-1697.6958914554596,-749.5449212478095
1861200,-1227.4755259772164,-1743.2483568514458,-750.8290502043072
1863400,-1155.2661830381285,-1718.7300226746809,-742.8522259160059
1865600,-1071.9428695128036,-1529.6638104602432,-851.236278214019
1867800,-1163.4049201720745,-1739.9585588729142,-841.9307925570647
1870000,-1335.9301722963035,-1822.435124495243,-974.6092069731709
1872200,-1074.8522605911726,-1429.3936223296214,-743.7916375436872
1874400,-1043.785533578171,-1635.8761214519109,-858.3216181943241
1876600,-1335.0394673386525,-1734.1044786655393,-876.1661544941422
1878800,-1230.4575572399624,-1665.0196707238267,-862.971631158041
1881000,-1213.2538281116047,-1729.1498900318638,-820.673246548106
1883200,-1127.1232176276278,-1624.9013612959675,-749.6699418743068
1885400,-1270.8464609022633,-1711.3311642412543,-819.4089946424143
1887600,-1100.598051568445,-1421.5693631064662,-778.8469900281085
1889800,-1236.6119771936706,-1755.2402163185816,-734.9226248146252
1892000,-1185.7549539538988,-1656.435509359557,-890.4768056255037
1894200,-1333.5437165164074,-1694.6629883197866,-765.8116081431094
1896400,-1243.488529631345,-1775.677401695981,-752.7937381048686
1898600,-1183.6672304801082,-1792.0827773154306,-750.3395432338192
1900800,-1146.486271989075,-1757.4655352205853,-788.5815236857987
1903000,-1229.7688485260658,-1685.4185025706013,-793.0393023365365
1905200,-1278.0441288080217,-1797.7967972815625,-958.8980933333843
1907400,-1106.664216186535,-1564.2453089691453,-854.3521476218634
1909600,-1217.7557985801313,-1750.559443831748,-769.6257819992379
1911800,-1264.8955450529395,-1738.433854038093,-846.0984931113803
1914000,-1141.4388728152323,-1717.3061191372817,-764.5463578397944
1916200,-1172.4814573013605,-1635.5349178554945,-822.5066787944412
1918400,-1049.155280318068,-1458.8500272509489,-738.7385632734363
1920600,-1235.9805375763187,-1714.139218271822,-751.9293563572926
1922800,-1161.5574069938118,-1452.2204556764088,-864.1918768874787
1925000,-1339.0007051851871,-1643.271817636296,-977.658653340636
1927200,-1428.766922673138,-1815.430582290515,-880.9419516145693
1929400,-1282.294326065191,-1809.163711340593,-763.3496986053943
1931600,-1076.7255488442768,-1527.62646794735,-865.5733508917856
1933800,-1237.315640967885,-1471.5027958883416,-967.1093680265456
1936000,-1234.6299462760771,-1677.2781183059044,-869.3367383283055
1938200,-1406.6448385188232,-1811.988927581736,-983.2683686048267
1940400,-1355.3977077749303,-1807.9007944081404,-877.3494800648258
1942600,-1122.8828992112465,-1554.1123771674017,-894.324840941873
1944800,-1265.1362670695353,-1817.9466323400454,-857.8143902621763
1947000,-1258.23755112702,-1811.6772721316565,-787.147630023934
1949200,-1312.52886281573,-1769.0794438293537,-770.5104826829661
1951400,-1383.0276082710611,-1762.724072839752,-957.3116438259428
1953600,-1334.3437396157178,-1806.12534180819,-649.572377849136
1955800,-1171.8914589094265,-1564.5303072532786,-852.8035372320195
1958000,-1305.9007454486675,-1648.2740494515745,-966.816449878135
1960200,-1195.9666281576108,-1793.9015550201163,-773.9714708470248
1962400,-1193.4526198345357,-1560.4375597403236,-888.9429033483325
1964600,-1227.8491323377634,-1718.975368195448,-817.3608870586315
1966800,-1180.943252762985,-1753.6054278912352,-824.0921452817257
1969000,-1143.803273776101,-1586.783570980366,-882.0171133846741
1971200,-1124.4497441421308,-1769.979639609755,-818.3523111785934
1973400,-1208.8256861683906,-1646.6425502545899,-956.053220963634
1975600,-1379.2507714611907,-1795.1406266619513,-886.2706645841395
1977800,-1210.2137125205538,-1777.678107430662,-793.0240508033481
1980000,-1102.6981312152127,-1643.1432136778042,-765.6303688171835
1982200,-1265.9395556157938,-1759.337349868189,-862.6772083453653
1984400,-1276.2054265151758,-1813.8249568394795,-864.8756162564854
1986600,-1297.0554597290723,-1588.6459201340501,-891.0427367369649
1988800,-1251.4109729381507,-1631.0926521429371,-760.757305472615
1991000,-1155.6668752602243,-1654.5831763278734,-763.3372069161048
1993200,-1151.5768936971645,-1660.7548296781908,-869.9847734002075
1995400,-1438.365112438763,-1786.6136484957171,-898.3953603867026
1997600,-1259.726020631712,-1670.1813936149806,-746.9180349079959
1999800,-1235.9715659879892,-1693.0923387775383,-768.1574250862584
2002000,-1188.8176325417246,-1521.660425469415,-779.1324034792672
2004200,-1283.8920986002968,-1598.0779127077649,-943.1064494605181
2006400,-1033.3247193435782,-1495.6997499380375,-760.0315892219783
2008600,-1369.3653298768002,-1681.0469320593152,-906.196863407777
2010800,-1188.2266896869771,-1814.451107569007,-801.2618323718821
2013000,-1224.1426793902294,-1692.0179867639827,-975.7307049081104
2015200,-1222.3752875920093,-1661.2197383743544,-881.3495069234773
2017400,-1332.7954175533434,-1695.4475195194432,-867.9073606838576
2019600,-1407.4598647426608,-1855.775810068271,-958.9925847946126
2021800,-1180.3781598069454,-1511.2050097325614,-856.4847072789644
2024000,-1189.2489511419187,-1706.2282980563348,-865.0968175657874
2026200,-1056.9974652339968,-1649.754470045892,-744.1091996499661
2028400,-1134.4430382666726,-1409.9514980243343,-752.6108522430609
2030600,-1260.9149195351551,-1679.3443264023672,-863.7145578065683
2032800,-1173.7913613033136,-1669.7825333684914,-852.0942326834829
2035000,-1159.903374718401,-1461.2940006511762,-747.1411865836525
2037200,-1221.8183165057517,-1765.7247503502285,-756.2540482614226
2039400,-1119.2738058272207,-1831.3865459881624,-748.4475290772102
2041600,-1190.1710686275737,-1519.8666186792182,-871.1096075509275
2043800,-1319.4523221019097,-1715.3990261459642,-871.5111798082537
2046000,-1191.8628938573152,-1605.2663244723835,-866.9673935835381
2048200,-1369.4858686735743,-1778.0841508879648,-954.6186182388676
2050400,-1181.79922033245,-1666.3777814303726,-872.877628965607
2052600,-1356.0335773966399,-1765.1729427394737,-828.8510880617141
2054800,-1295.0147668002176,-1677.7218948473778,-749.8739623326746
2057000,-1203.1112434145314,-1797.8397264384141,-861.1184010322432
2059200,-1272.041123752687,-1695.5409005324254,-963.3956890474544
2061400,-1156.7452123911314,-1751.5578590638318,-800.2648414123006
2063600,-1441.6797627777692,-1636.305335672067,-1052.278647531101
2065800,-1162.9308333744768,-1582.6440707019872,-896.3539590361994
2068000,-1289.0600843270588,-1728.632249556117,-805.5057585202469
2070200,-1264.0111591679631,-1786.4999504677824,-769.7444580647253
2072400,-1377.7499661568434,-1725.7675307753925,-736.636981982865
2074600,-1288.2249608759935,-1833.3031205905686,-903.289260422795
2076800,-1258.2824390439519,-1740.4293039656443,-884.1368920267812
2079000,-1235.8429120801686,-1647.3027962171095,-778.7285126133022
2081200,-1271.6823607064869,-1781.2502110501696,-753.4058632582747
2083400,-1306.1058596389894,-1729.4533558763196,-749.2542913317073
2085600,-1264.5470974234906,-1566.1060828197974,-918.5364861155526
2087800,-1271.269859792666,-1724.4643107233248,-869.6178977871504
2090000,-1156.0945757750314,-1756.996901122465,-723.8156155104747
2092200,-1262.116567947651,-1647.8745622730487,-887.0023479623497
2094400,-1219.1930905976112,-1719.5142997346159,-835.9115474020059
2096600,-1280.758282372121,-1681.8431084154388,-910.8272113139083
2098800,-1096.9445680960978,-1757.962637441701,-761.8301710866226
2101000,-1139.8322170790243,-1599.1772474135362,-864.4725800250914
2103200,-1210.9960484376263,-1572.7289233464855,-767.4821172028447
2105400,-1331.5589705241578,-1716.2217264218434,-730.5902165237416
2107600,-1367.5678357277184,-1724.2730954897738,-819.6295016819766
2109800,-1219.5035764787328,-1573.6043459299428,-882.4603958688301
2112000,-1168.8781563011935,-1541.8777676172426,-864.0984674303007
2114200,-1308.5308580887845,-1638.1277795458839,-933.2563110633456
2116400,-1246.8853695948542,-1670.0665756291592,-873.3657604362497
2118600,-1217.7651476850306,-1634.5619184051777,-867.3883134846708
2120800,-1153.1483060555029,-1465.5793833987682,-833.3829575845687
2123000,-1142.7709470477237,-1525.42243024645,-753.0813670707704
2125200,-1235.0400475372007,-1747.5994872085446,-864.9591464616703
2127400,-1132.7689502919904,-1512.5852008508457,-881.4875848862887
2129600,-1123.6727340395548,-1792.0959800473715,-748.5427031276676
2131800,-1215.7309257188303,-1764.1977319568423,-766.9590389853388
2134000,-1362.5119033749259,-1767.0279234978148,-859.0063771488798
2136200,-1168.6814272474726,-1780.697072716932,-861.7100438223589
2138400,-1320.237814825663,-1685.68083097589,-877.4547916125528
2140600,-1392.233695369946,-1665.2298456127112,-1001.6256223298021
2142800,-1199.1037153383068,-1650.2771879383936,-902.4973861431599
2145000,-1182.4121975398627,-1755.8776998160342,-831.652189266792
2147200,-1177.0934291899066,-1548.6000336969157,-898.1229705876142
2149400,-1079.3131488870797,-1363.6011677493948,-859.9802208609163
2151600,-1147.7340606127755,-1527.1316848329236,-894.5931959220605
2153800,-1284.7855668024397,-1689.3630066235412,-874.8922026259828
2156000,-1155.0584587763692,-1567.2613004809887,-809.4303937055686
2158200,-1212.1189287759235,-1747.817815861882,-880.2153061017101
2160400,-1283.0143449303362,-1734.6621021816866,-877.4786643460151
2162600,-1240.2605287438919,-1676.8418711619097,-859.756390903435
2164800,-1235.5805831008192,-1693.2943130726114,-863.3437284674669
2167000,-1295.734527864908,-1649.9031892024664,-965.179722600808
2169200,-1139.4161443198034,-1785.761822077051,-623.879597309018
2171400,-1274.4730752070025,-1819.3598614573261,-794.4180020657307
2173600,-1277.3610023029821,-1842.59722773607,-1066.6048361093578
2175800,-1208.3654128525327,-1531.933692734395,-834.4115627535692
2178000,-1358.1936935080596,-1752.7227011864409,-983.9509655893183
2180200,-1379.420076957604,-1803.934209465218,-867.3491454602577
2182400,-1119.4764711220307,-1691.4233049441518,-869.5639763581946
2184600,-1126.6042611000216,-1690.7610523926433,-859.2270691767385
2186800,-1105.1915826756147,-1514.5357736742185,-851.6109634980547
2189000,-1097.8194255007472,-1710.3194102840255,-851.6234667571499
2191200,-1391.644446439135,-1789.1731723131047,-766.917473070477
2193400,-1099.486619236145,-1584.7276531869607,-873.8088815602375
2195600,-1160.8710513745423,-1661.6143863996397,-846.741231021562
2197800,-1404.6063398009278,-1682.1302901476633,-967.3656688643232
2200000,-1146.232642659832,-1758.7074886805572,-838.9838314672018
2202200,-1251.328314966103,-1848.779390535764,-883.3230187691156
2204400,-1281.1182053033579,-1574.9401436715475,-883.428348828475
2206600,-1301.9405996330408,-1741.3740222788604,-845.2709425792906
2208800,-1311.7699090513436,-1805.534217278275,-756.7364938655384
2211000,-1028.4370862300236,-1337.932403092415,-858.6040396033504
2213200,-1271.380837793866,-1685.5058649267778,-914.0665513920783
2215400,-1352.4138246011807,-1828.315545189966,-796.2175832473229
2217600,-1239.746188043959,-1824.7114823603922,-854.4911071270647
2219800,-1415.5005412661383,-1750.279094491953,-860.1246560519897
2222000,-1184.424466022089,-1593.506654122096,-789.0653370962806
2224200,-1299.5924132248476,-1838.7718829391922,-884.0808741262576
2226400,-1181.9095731394018,-1721.3450458765394,-757.3956783955289
2228600,-1194.5321149730728,-1739.2193942763904,-764.1853600484259
2230800,-1221.0066508874781,-1791.0560400198215,-871.1647798481479
2233000,-1152.7192570401123,-1773.1929933662605,-843.4155644935082
2235200,-1225.0367196448435,-1779.90500326045,-754.6160400230223
2237400,-1341.7349435673684,-1588.171375447265,-886.3314360145296
2239600,-1301.5620435546653,-1741.3338761000539,-974.2060255175286
2241800,-1293.3586619288583,-1860.9350433971128,-905.4152473593034
2244000,-1198.638996449714,-1778.9362428159134,-787.9781031853518
2246200,-1234.9254829190515,-1706.6350410578066,-861.3923759203166
2248400,-1410.109691309656,-1779.933866705789,-998.4751804047188
2250600,-1283.9122551426824,-1584.6891856338464,-943.2460740977486
2252800,-1191.5185929036254,-1725.999952682967,-765.560382048183
2255000,-1205.928483422353,-1487.6975909416046,-963.6276050518343
2257200,-1272.0844232029888,-1743.641271540064,-851.7551795050307
2259400,-1107.1779521251917,-1450.644212213554,-691.6673798345358
2261600,-1308.483778631793,-1761.9123607681015,-809.0173443063842
2263800,-1142.3631196113538,-1457.3934582761847,-854.2177767704945
2266000,-1456.8247336020995,-1853.6533193353598,-870.8164328720786
2268200,-1071.1777103058128,-1403.4346239509478,-860.1095472095251
2270400,-1192.7115373022061,-1806.85501102811,-757.203338383096
2272600,-1181.0433701373643,-1760.3020586866583,-836.6182364062433
2274800,-1294.3189545003154,-1692.2906802166965,-807.2687084850114
2277000,-1234.6660034265744,-1699.1907173335396,-918.3644981719306
2279200,-1168.7675625207205,-1696.1169612818326,-862.0830348370987
2281400,-1130.9931057195126,-1676.3594126837104,-758.2891915031813
2283600,-1076.864736030161,-1489.415086228743,-753.40066005574
2285800,-1174.3141666680858,-1616.3335531395899,-865.1851301297288
2288000,-1266.6682016401012,-1811.8213503969373,-898.6973604465902
2290200,-1341.327520735822,-1829.4737268563824,-777.2961004627969
2292400,-1278.0376059113728,-1763.552831282265,-858.6275749878625
2294600,-1134.8771166751337,-1613.8690849956067,-789.4599000682804
2296800,-1151.5434035650885,-1475.8398167665482,-772.4439076089894
2299000,-1238.4747561224851,-1789.1713868648812,-854.0081388363083
2301200,-1282.672202684502,-1713.0191453995567,-913.3101888718627
2303400,-1162.752221590035,-1526.2985489893917,-865.1200429921483
2305600,-1289.3867588771132,-1800.3032807921934,-869.2960914754814
2307800,-1237.5191419683292,-1769.6009142063278,-865.8336866265357
2310000,-1199.3498731629197,-1692.4648346905808,-765.1758422541334
2312200,-1353.6562820007825,-1654.0691793826888,-889.583330199543
2314400,-1144.3330919976763,-1733.5565896871906,-856.7706180906624
2316600,-1098.8203648874116,-1812.3164923252787,-751.8802643817532
2318800,-1260.7966990968341,-1683.3347045791097,-813.5538481270746
2321000,-1147.080357954804,-1619.0845794553863,-763.3724352066032
2323200,-1198.915175218562,-1812.5738944093846,-770.7685689222684
2325400,-1273.1808073679429,-1653.9441929927866,-850.1176353678603
2327600,-1240.953982342273,-1671.3312839829414,-913.5174449480329
2329800,-1110.4687406331707,-1498.6729121279423,-772.7837744554143
2332000,-1326.545045834125,-1786.3696685265957,-852.2318630851898
2334200,-1331.229881803741,-1814.3784811284434,-967.8845250675006
2336400,-1284.1488045079786,-1681.39661280771,-906.361228001728
2338600,-1080.2053236412348,-1392.7998859405136,-840.6735386617005
2340800,-1081.7484291926753,-1699.9358291321048,-777.6345516403964
2343000,-1160.8021678767448,-1574.4249991037127,-871.3016143372067
2345200,-1181.383813253701,-1703.990264793531,-635.9516196940518
2347400,-1346.6994985625167,-1796.7291621014447,-744.211767573021
2349600,-1379.511148657357,-1869.0675500377329,-888.1811001029358
2351800,-1228.6545164511872,-1600.4625718205418,-921.9108616220412
2354000,-1145.9332428117318,-1730.259110391759,-760.8039925608658
2356200,-1337.870586098753,-1819.0724733251334,-920.8085273595154
2358400,-1117.9555867688405,-1564.6004055149556,-786.9315458554182
2360600,-1205.0100887838742,-1582.587233114996,-918.8312306583371
2362800,-1206.281101180557,-1653.1599334190394,-904.3289983879006
2365000,-1195.3295196418442,-1702.7525563690729,-682.3756691482691
2367200,-1282.9696295826764,-1721.0510740414495,-868.577830968771
2369400,-1429.5115614753418,-1746.5085062695446,-1037.692471195602
2371600,-1310.8033756154393,-1812.7009453426883,-891.587038817416
2373800,-1161.2923847046975,-1710.2740634874092,-790.9471318433176
2376000,-1239.8363360536177,-1762.7034133818531,-866.6106263668154
2378200,-1310.3356052791405,-1662.6128265048005,-897.6541681004477
2380400,-1322.279586730533,-1677.1910553829641,-961.9638730349204
2382600,-1236.8435479183133,-1557.585978121948,-900.0097903242267
2384800,-1197.07121819811,-1735.1820800614018,-888.2937455826908
2387000,-1158.6413266904176,-1835.78328059268,-834.175425966797
2389200,-1197.3299377058022,-1606.8482818900493,-849.4862750453822
2391400,-1297.3052079284307,-1640.4413201057032,-860.8660372929746
2393600,-1261.3001973285661,-1629.7012555299746,-867.223847649366
2395800,-1395.6671762500255,-1758.1821951391328,-964.1062495050163
2398000,-1399.581532394195,-1783.190969036002,-977.644439739939
2400200,-1162.9690577862993,-1533.7016802256192,-759.9516445026934
2402400,-1252.7735814697326,-1825.0526647484403,-847.4186069882168
2404600,-1278.2770279280583,-1636.6502153144122,-875.5360647025431
2406800,-1154.3725228368285,-1703.994591474348,-767.6262310635323
2409000,-1371.9633989219205,-1631.9761350152178,-995.1790867525266
2411200,-1325.844586339609,-1829.685112040615,-989.6654086421998
2413400,-1247.4391049042997,-1628.0853821100347,-831.2232922665153
2415600,-1130.947797955971,-1542.721498307068,-770.4877903138467
2417800,-1219.6467228271372,-1713.1764238528467,-772.8823291860263
2420000,-1221.1842359130094,-1766.9501803544488,-865.8065665092674
2422200,-1303.2979580986832,-1744.1758994906031,-884.4526672157558
2424400,-1377.2536356071448,-1649.4310111317025,-893.7104209174316
2426600,-1244.434224577375,-1698.6219361018316,-872.1801616695278
2428800,-1333.6459319197954,-1839.778325821169,-867.9861627261828
2431000,-1260.4314960818776,-1740.3504354871723,-856.810339279896
2433200,-1510.9204719566296,-1812.0981041851094,-1205.2245487774067
2435400,-1193.4768230512777,-1800.4338857630405,-896.7120145263634
2437600,-1198.2445892539215,-1696.956162330982,-860.6814889530101
2439800,-1340.1926826567017,-1755.4423464717304,-850.7695242386831
2442000,-1253.8183383985017,-1712.9526202314137,-793.1650853165901
2444200,-1266.9873880054424,-1604.8800981544462,-897.4905450770676
2446400,-1260.7798763416276,-1724.869488910205,-944.9454992116503
2448600,-1082.5048930165897,-1418.6798854948026,-876.8869170647881
2450800,-1247.8081045911852,-1736.6859536637191,-882.3045527598306
2453000,-1096.3485049315523,-1708.0850954679458,-764.2064699533448
2455200,-1246.2196512080432,-1683.3153245066205,-869.0362660200631
2457400,-1191.6175042071297,-1613.3104406507591,-756.6213125451475
2459600,-1200.3564592729188,-1649.1396470125471,-891.1288941800111
2461800,-1163.8854164442396,-1634.640810497217,-755.3704279710121
2464000,-1209.4349665499142,-1615.3884033903073,-846.9695024509904
2466200,-1170.4491503840227,-1725.381276074858,-840.4011039131102
2468400,-1246.3705570521415,-1808.4113322911758,-869.5419689799061
2470600,-1217.4256448975536,-1803.2300286085786,-871.578908079155
2472800,-1164.841996965809,-1720.988463656142,-901.5987025572707
2475000,-1197.2937125872465,-1585.11462980256,-972.4242470168195
2477200,-1127.259611277903,-1651.545786397892,-878.304827489836
2479400,-1273.865747215779,-1637.9268743324951,-758.2873922205125
2481600,-1264.7542364525543,-1757.616678617589,-865.2753010285683
2483800,-1202.247202322792,-1768.3899038479433,-825.4225433705438
2486000,-1144.0094211923183,-1773.4989324071541,-846.4501004389656
2488200,-1120.545310407813,-1563.5214237667637,-829.4247472522208
2490400,-1326.6725859843368,-1727.8460558624915,-967.4346372944631
2492600,-1446.185710070458,-1712.1511525473202,-1160.0697962265285
2494800,-1298.5692411029434,-1758.9047656606922,-761.00164033789
2497000,-1166.908841591059,-1718.2994870768555,-803.9604109441443
2499200,-1244.220620225213,-1653.8783764779328,-876.6691537665193
2501400,-1170.6467217761253,-1727.290135518431,-775.451743991405
2503600,-1241.7156215785747,-1679.8025442908947,-677.9051058434694
2505800,-1253.9969260264954,-1692.1833398530857,-869.1076463497562
2508000,-1255.769216796292,-1688.6491966523895,-861.2363150076295
2510200,-1260.525661050803,-1740.6889410126469,-898.6543082619751
2512400,-1217.788417134655,-1602.8751208800602,-738.7915603746598
2514600,-1146.025689224729,-1528.7065148173137,-861.6940158523314
2516800,-1289.2288306430312,-1703.585566432621,-783.091823580752
2519000,-1326.709585538654,-1737.4683120308566,-849.4138334919654
2521200,-1400.8521211093905,-1813.9739631552222,-925.2731218090759
2523400,-1254.4413758397623,-1817.9579333464078,-894.2339115619504
2525600,-1222.366861111121,-1618.8339501397104,-876.5324881839542
2527800,-1201.3438337688033,-1806.0627391840487,-752.0276467534197
2530000,-1252.055358127237,-1672.6336286529288,-966.7336717989912
2532200,-1098.9653339424492,-1280.4637459465628,-748.4870913790049
2534400,-1219.2420428628018,-1800.9144350396944,-751.8299249915988
2536600,-1279.741475792352,-1746.706714481713,-786.0379456760169
2538800,-1076.2996745010298,-1298.6997819096298,-753.2322885299393
2541000,-1135.8113594377296,-1776.4555957540936,-780.0984160970736
2543200,-1181.789518133679,-1748.785842957611,-880.1748673197498
2545400,-1184.4574507227737,-1748.7327110512772,-808.4067109451123
2547600,-1268.47374193678,-1648.435783410132,-882.5064540956297
2549800,-1308.5558444610556,-1770.1533250186078,-887.7931224000123
2552000,-1192.9638636740995,-1798.563681139244,-870.485484156278
2554200,-1384.941972080157,-1729.0715084617893,-1049.0086051088874
2556400,-1177.8197019876582,-1741.5411711662812,-752.6318500207036
2558600,-1303.5665961035231,-1858.1982458770926,-834.9241778645785
2560800,-1319.4699335850542,-1756.0931026398569,-841.4293141529841
2563000,-1205.340146737331,-1680.883391542077,-868.0717133999665
2565200,-1253.4256546982776,-1792.2318421803857,-867.7244748239425
2567400,-1084.0192896203898,-1676.7979806085523,-796.9694197983366
2569600,-1291.8728810041032,-1589.0833286035395,-892.2563665011862
2571800,-1231.9230977746838,-1765.727615981462,-881.0375023914917
2574000,-1270.635654376355,-1727.4111382614112,-876.2655404891085
2576200,-1132.1359437234714,-1514.012227280073,-882.1883518778063
2578400,-1236.7637934750467,-1829.222888592337,-772.5476314658553
2580600,-1236.2740466331109,-1650.1135858371194,-748.0581729136929
2582800,-1265.0947190501056,-1778.648163901636,-868.5496977436457
2585000,-1096.4156327494732,-1544.0707990084552,-859.5157279301653
2587200,-1266.8572816131332,-1790.9137733500677,-785.2612792551898
2589400,-1244.5491595648166,-1808.2638980995864,-971.8452127670797
2591600,-1189.2606662037883,-1614.86349150712,-893.9154244548007
2593800,-1447.6370266341385,-1828.2255947345557,-956.7546307924623
2596000,-1141.9172126774984,-1840.1499241862257,-749.1393887270993
2598200,-1300.9445928554371,-1781.0076773819778,-887.2944619949603
2600400,-1415.7276314711353,-1854.2813614478187,-980.3082654761707
2602600,-1102.1082520513964,-1580.9240401407606,-784.2768550260633
2604800,-1219.8600322057896,-1802.4176041441128,-750.3047105216725
2607000,-1147.388361935706,-1650.9035362217867,-867.061838820695
2609200,-1149.8782786845086,-1701.2182042300508,-863.628170759306
2611400,-1248.768501891069,-1568.0092515551805,-877.5102953830321
2613600,-1101.1053092112188,-1695.255043632234,-773.4214142392482
2615800,-1416.1483110817005,-1685.1013098344372,-975.9862666569257
2618000,-1240.7554549374665,-1702.1942491188388,-862.3200986778935
2620200,-1238.9645545439942,-1818.4514144734812,-756.9615297797415
2622400,-1243.143610314664,-1740.698328419852,-741.3284424545377
2624600,-1295.6530918736864,-1751.1586467077093,-751.6412258889219
2626800,-1269.1156855590389,-1788.4344611894858,-774.0123351416236
2629000,-1217.1626011770547,-1543.9738423945078,-846.7395433998656
2631200,-1429.1871368969007,-1740.5598003695882,-1072.2537811832228
2633400,-1328.4598729194026,-1799.7023814630177,-759.3124295825702
2635600,-1185.9223501660135,-1722.7236152233122,-905.061147202244
2637800,-1189.8241654804872,-1553.2586946347142,-882.6271055492319
2640000,-1179.141254493511,-1827.8877635854783,-854.4265788274007
2642200,-1156.4785156813416,-1670.2182232566156,-875.8110407164663
2644400,-1229.7338778187568,-1632.7258669508137,-872.7968414697547
2646600,-1210.8391124720029,-1860.427272886961,-835.0558305419729
2648800,-1160.51185142323,-1771.5208108037866,-785.0340766610097
2651000,-1303.2931043541225,-1684.175727429594,-827.4871841525248
2653200,-1227.1014640005612,-1645.06056855936,-834.359957669698
2655400,-1151.4687145831888,-1608.4165259222316,-676.4720490882277
2657600,-1179.063086387008,-1725.266152932056,-803.3907824775786
2659800,-1251.4639494743058,-1720.8662757012103,-851.3968680595124
2662000,-1148.9922442116717,-1710.0730248340528,-754.9184173616065
2664200,-1171.2889277274205,-1481.99394606172,-748.5653799566396
2666400,-1128.7013483743665,-1388.635586053283,-757.3039619615068
2668600,-1258.7658334743312,-1798.0218765473858,-875.9571866729652
2670800,-1196.8484981928323,-1486.3441390298688,-877.3760004749923
2673000,-1108.691593954626,-1509.1914265178907,-754.0812434084116
2675200,-1197.7624293513093,-1639.5315474949953,-868.0088883995002
2677400,-1024.268523306688,-1455.285007108674,-839.2020880302615
2679600,-1289.1695964936714,-1805.0904668749172,-871.6674832465624
2681800,-1316.8369476418652,-1713.4645244999554,-860.4434382490537
2684000,-1476.9231304805273,-1829.1654900193357,-969.768418541422
2686200,-1221.2769305602244,-1670.0053132057997,-904.0510811838211
2688400,-1158.4973775639503,-1577.8421071090281,-859.6769297566143
2690600,-1110.725716340098,-1584.0254557157632,-783.097854936575
2692800,-1047.610671688636,-1418.031115902244,-761.3058338802426
2695000,-1344.8755586430511,-1763.3302299814525,-867.7855304459055
2697200,-1297.4182815695228,-1688.2418689872313,-825.5821440169507
2699400,-1175.6953789394995,-1622.7682317201657,-759.212917747003
2701600,-1162.2574024030168,-1638.2877604864993,-636.8303061467607
2703800,-1161.5623307621242,-1677.4891966272403,-830.7683920105127
2706000,-1203.3758914463065,-1745.805497835614,-896.4612351631956
2708200,-1259.6900713614734,-1624.4868276933892,-871.9957834622148
2710400,-1417.9068140776299,-1752.2143912894037,-877.5617213492802
2712600,-1094.3300935526627,-1595.3796572158305,-757.0880496346758
2714800,-1264.3653291097025,-1662.0469323129632,-750.0358562703366
2717000,-1162.1507923011798,-1725.2084354239487,-866.417633015101
2719200,-1190.299969294857,-1805.0886031725952,-749.1154113262021
2721400,-1206.4060698776802,-1737.7254790533434,-780.2966040524861
2723600,-1279.9706301177348,-1709.3409936305886,-779.3224913102532
2725800,-1191.1316667232352,-1816.1959665644774,-865.7605222331681
2728000,-1126.20267714214,-1587.733118081796,-758.9351559410252
2730200,-1240.1847508060573,-1770.6756646944102,-856.9556436671602
2732400,-1198.465640832724,-1708.4720439005064,-770.4437753590544
2734600,-1274.899798067903,-1633.4278034807712,-989.6906046547027
2736800,-1053.8745820981835,-1368.3193080187837,-874.3792956998267
2739000,-1154.8413913114948,-1720.3368141818214,-770.8247396098982
2741200,-1255.4030670322336,-1807.6024497744536,-756.7132644863941
2743400,-1269.3361870961523,-1722.1380450209883,-898.5075455419761
2745600,-1299.138950405268,-1589.780940701131,-885.4238801723152
2747800,-1326.8955026889685,-1764.871659784699,-763.8509728847687
2750000,-1133.220886514169,-1492.783127307177,-718.7679993538037
2752200,-1273.1592456620688,-1791.5770177597215,-872.1600925457127
2754400,-1202.0856457848934,-1602.6623887499181,-863.2341687569825
2756600,-1391.2372819337836,-1784.595346672848,-881.2176404657084
2758800,-1262.5923598643953,-1742.7798655822373,-752.7518627924011
2761000,-1308.5675829824877,-1681.1486813041154,-867.2031873886575
2763200,-1194.8087502624533,-1461.6535973768157,-873.9219626857972
2765400,-1218.292413690591,-1683.2420368780245,-785.7106192161403
2767600,-1282.5076006070808,-1671.1723257678948,-856.0562559294823
2769800,-1309.9909161735634,-1819.141917381912,-924.632442902638
2772000,-1369.350295870444,-1825.7637915240298,-913.2853070773417
2774200,-1126.528738019548,-1752.613664006993,-758.2676398741788
2776400,-1243.706135993636,-1703.3668179585593,-763.9994586456643
2778600,-1204.9657453176228,-1548.099353305966,-856.695492816209
2780800,-1328.050930713967,-1743.0333507755588,-787.2682375104216
2783000,-1325.7800836456017,-1760.8219764571888,-966.5044997698828
2785200,-1420.945134467237,-1747.2835801479857,-859.2962422377517
2787400,-1160.0564555474068,-1724.2097975468932,-864.240467770324
2789600,-1145.561672423435,-1602.5422673799937,-746.2559815056493
2791800,-1170.2220984372505,-1571.4060202667706,-759.6227915779941
2794000,-1323.9047627849588,-1791.2911895339153,-924.0152965628365
2796200,-1349.9611129871091,-1830.6570288174253,-641.7238491407804
2798400,-1234.4027123038957,-1621.9839276971131,-875.2114235929906
2800600,-1222.642820134983,-1722.6610999659722,-821.2570137386153
2802800,-1215.097069920593,-1706.6140486198974,-900.1227439125488
2805000,-1305.479428709674,-1825.12241319442,-871.3543030659932
2807200,-1148.0330509208097,-1755.4389285269178,-807.2272162974167
2809400,-1189.688095989215,-1668.2888447574812,-761.2319768370639
2811600,-1238.6363666019479,-1774.3789286443148,-751.7447592848991
2813800,-1021.1686703527762,-1699.6420249332932,-783.4213232942999
2816000,-1217.4983699723123,-1629.17301468724,-856.0453611567007
2818200,-982.3611424207993,-1179.3237360750973,-765.777174039184
2820400,-1298.7059710951094,-1734.7337354963179,-874.9274587117109
2822600,-1247.0436859572292,-1696.7157835271835,-898.6694495058125
2824800,-1123.313586704794,-1591.6090818269695,-871.8452020978987
2827000,-1256.0350777133715,-1706.3763803857844,-966.7448729358815
2829200,-1323.5184441712788,-1773.9750038609504,-892.2294213814171
2831400,-1314.0441287492038,-1760.9412579376651,-769.9245397893488
2833600,-1249.278049107397,-1771.9555817481942,-844.8112182472423
2835800,-1303.4095774525892,-1757.0042339347528,-931.3262619029407
2838000,-1280.4947235322404,-1654.9484046829482,-874.04467238172
2840200,-1253.8978580569913,-1715.0567173256843,-820.0369290655257
2842400,-1220.9552030421296,-1717.780182099672,-763.6153433329262
2844600,-1416.0076165146297,-1808.5371908242682,-1071.068439169775
2846800,-1177.7214138921222,-1698.7050835375026,-745.6466011480152
