,mean episodic runtime,mean episodic length,mean episodic returns,min episodic returns,max episodic returns,std episodic returns,eval episodes,experiment name,total trainingsteps,total episodes
0,0.039709,200.0,-1224.634815,-1633.46679,-739.713681,293.073728,11,exp_name: Pendulum-v1_2023-01-30 (TEST),0,2200
0,0.040517,200.0,-1441.111558,-1704.71896,-1175.275263,170.773083,11,exp_name: Pendulum-v1_2023-01-30 (TEST),1,4400
0,0.039897,200.0,-1349.323664,-1698.962952,-884.736371,310.042328,11,exp_name: Pendulum-v1_2023-01-30 (TEST),2,6600
0,0.038479,200.0,-1070.52599,-1330.270034,-747.986956,189.399427,11,exp_name: Pendulum-v1_2023-01-30 (TEST),3,8800
0,0.0381,200.0,-1078.030445,-1864.29941,-635.460776,298.879284,11,exp_name: Pendulum-v1_2023-01-30 (TEST),4,11000
0,0.039428,200.0,-1039.093354,-1699.401548,-747.909502,276.365831,11,exp_name: Pendulum-v1_2023-01-30 (TEST),5,13200
0,0.038422,200.0,-1309.565385,-1696.471217,-834.77156,337.71646,11,exp_name: Pendulum-v1_2023-01-30 (TEST),6,15400
0,0.037326,200.0,-1187.255409,-1576.167492,-865.467459,239.096987,11,exp_name: Pendulum-v1_2023-01-30 (TEST),7,17600
0,0.038124,200.0,-1072.623788,-1603.66807,-875.866173,221.471513,11,exp_name: Pendulum-v1_2023-01-30 (TEST),8,19800
0,0.037612,200.0,-1130.661567,-1454.681629,-753.803137,239.30486,11,exp_name: Pendulum-v1_2023-01-30 (TEST),9,22000
0,0.04017,200.0,-1134.103374,-1615.572795,-891.082335,246.005566,11,exp_name: Pendulum-v1_2023-01-30 (TEST),10,24200
0,0.037555,200.0,-1120.893883,-1771.051026,-739.084739,317.06495,11,exp_name: Pendulum-v1_2023-01-30 (TEST),11,26400
0,0.038265,200.0,-1209.119726,-1656.912972,-758.796809,301.822331,11,exp_name: Pendulum-v1_2023-01-30 (TEST),12,28600
0,0.037401,200.0,-1010.639723,-1620.238945,-745.702067,235.586262,11,exp_name: Pendulum-v1_2023-01-30 (TEST),13,30800
0,0.040732,200.0,-1075.274563,-1429.683665,-801.944156,217.52709,11,exp_name: Pendulum-v1_2023-01-30 (TEST),14,33000
0,0.04053,200.0,-1037.723142,-1685.275832,-791.18923,241.888654,11,exp_name: Pendulum-v1_2023-01-30 (TEST),15,35200
0,0.038157,200.0,-975.604155,-1599.075649,-513.821783,292.172026,11,exp_name: Pendulum-v1_2023-01-30 (TEST),16,37400
0,0.037206,200.0,-993.615396,-1308.294814,-768.216252,151.588349,11,exp_name: Pendulum-v1_2023-01-30 (TEST),17,39600
0,0.039052,200.0,-1068.64063,-1392.570229,-756.272286,216.605725,11,exp_name: Pendulum-v1_2023-01-30 (TEST),18,41800
0,0.040192,200.0,-1039.971678,-1363.900709,-819.264368,180.656348,11,exp_name: Pendulum-v1_2023-01-30 (TEST),19,44000
0,0.037338,200.0,-1066.866971,-1329.749842,-749.119895,168.298391,11,exp_name: Pendulum-v1_2023-01-30 (TEST),20,46200
0,0.038369,200.0,-986.862334,-1319.009383,-761.053333,158.926958,11,exp_name: Pendulum-v1_2023-01-30 (TEST),21,48400
0,0.038783,200.0,-995.228333,-1227.857916,-768.609632,142.412108,11,exp_name: Pendulum-v1_2023-01-30 (TEST),22,50600
0,0.047596,200.0,-1040.642675,-1413.220791,-790.192117,184.474091,11,exp_name: Pendulum-v1_2023-01-30 (TEST),23,52800
0,0.03943,200.0,-913.709409,-1119.393333,-757.203792,111.06468,11,exp_name: Pendulum-v1_2023-01-30 (TEST),24,55000
0,0.03873,200.0,-993.395837,-1357.308056,-641.35228,234.531784,11,exp_name: Pendulum-v1_2023-01-30 (TEST),25,57200
0,0.039985,200.0,-1000.122833,-1330.412305,-744.689727,218.815405,11,exp_name: Pendulum-v1_2023-01-30 (TEST),26,59400
0,0.040152,200.0,-906.189794,-1238.516203,-746.19065,174.254717,11,exp_name: Pendulum-v1_2023-01-30 (TEST),27,61600
0,0.037701,200.0,-1113.192214,-1551.863656,-791.566407,197.81914,11,exp_name: Pendulum-v1_2023-01-30 (TEST),28,63800
0,0.036986,200.0,-959.901711,-1326.531314,-753.02977,153.4082,11,exp_name: Pendulum-v1_2023-01-30 (TEST),29,66000
0,0.036644,200.0,-1003.442008,-1401.287084,-746.965228,189.615423,11,exp_name: Pendulum-v1_2023-01-30 (TEST),30,68200
0,0.038313,200.0,-928.576461,-1210.234399,-750.69096,124.770727,11,exp_name: Pendulum-v1_2023-01-30 (TEST),31,70400
0,0.039145,200.0,-970.817799,-1335.91666,-771.47742,156.17327,11,exp_name: Pendulum-v1_2023-01-30 (TEST),32,72600
0,0.039278,200.0,-956.529309,-1095.83324,-628.778433,116.77784,11,exp_name: Pendulum-v1_2023-01-30 (TEST),33,74800
0,0.036548,200.0,-968.530657,-1213.264596,-761.349109,113.645166,11,exp_name: Pendulum-v1_2023-01-30 (TEST),34,77000
0,0.036214,200.0,-968.396429,-1567.506342,-636.824754,250.848613,11,exp_name: Pendulum-v1_2023-01-30 (TEST),35,79200
0,0.03931,200.0,-968.143975,-1311.598588,-730.733736,192.408351,11,exp_name: Pendulum-v1_2023-01-30 (TEST),36,81400
0,0.037071,200.0,-971.75658,-1175.071733,-641.710977,166.174651,11,exp_name: Pendulum-v1_2023-01-30 (TEST),37,83600
0,0.036243,200.0,-882.708919,-1176.4485,-639.447647,162.981476,11,exp_name: Pendulum-v1_2023-01-30 (TEST),38,85800
0,0.036193,200.0,-947.947501,-1145.908824,-758.66102,118.285904,11,exp_name: Pendulum-v1_2023-01-30 (TEST),39,88000
0,0.036917,200.0,-1015.463089,-1286.203706,-744.660533,188.96099,11,exp_name: Pendulum-v1_2023-01-30 (TEST),40,90200
0,0.03943,200.0,-903.078137,-1098.673846,-701.08436,133.502367,11,exp_name: Pendulum-v1_2023-01-30 (TEST),41,92400
0,0.038147,200.0,-900.134378,-1077.987664,-747.201322,116.107222,11,exp_name: Pendulum-v1_2023-01-30 (TEST),42,94600
0,0.038067,200.0,-893.693152,-1014.692374,-685.070771,103.258564,11,exp_name: Pendulum-v1_2023-01-30 (TEST),43,96800
0,0.036975,200.0,-839.877797,-993.626586,-665.704797,96.34075,11,exp_name: Pendulum-v1_2023-01-30 (TEST),44,99000
0,0.039376,200.0,-827.164156,-964.351,-629.96912,98.968662,11,exp_name: Pendulum-v1_2023-01-30 (TEST),45,101200
0,0.039698,200.0,-820.785456,-1146.885313,-626.805907,162.748366,11,exp_name: Pendulum-v1_2023-01-30 (TEST),46,103400
0,0.039175,200.0,-826.986699,-996.236716,-655.540509,91.110298,11,exp_name: Pendulum-v1_2023-01-30 (TEST),47,105600
0,0.037279,200.0,-783.361572,-869.236796,-613.939479,80.420499,11,exp_name: Pendulum-v1_2023-01-30 (TEST),48,107800
0,0.038804,200.0,-788.850463,-1013.441826,-630.35333,130.911185,11,exp_name: Pendulum-v1_2023-01-30 (TEST),49,110000
0,0.039861,200.0,-774.949917,-972.944309,-634.418642,93.447674,11,exp_name: Pendulum-v1_2023-01-30 (TEST),50,112200
0,0.037436,200.0,-737.179079,-1025.90364,-613.443832,116.923083,11,exp_name: Pendulum-v1_2023-01-30 (TEST),51,114400
0,0.037859,200.0,-739.260804,-993.426698,-503.561913,168.325389,11,exp_name: Pendulum-v1_2023-01-30 (TEST),52,116600
0,0.03902,200.0,-741.730493,-937.220007,-626.256294,91.951213,11,exp_name: Pendulum-v1_2023-01-30 (TEST),53,118800
0,0.04051,200.0,-736.192206,-940.872204,-607.597802,113.398375,11,exp_name: Pendulum-v1_2023-01-30 (TEST),54,121000
0,0.040243,200.0,-753.787686,-905.700348,-619.718726,98.195842,11,exp_name: Pendulum-v1_2023-01-30 (TEST),55,123200
0,0.039145,200.0,-710.028826,-1083.406862,-495.131301,159.598179,11,exp_name: Pendulum-v1_2023-01-30 (TEST),56,125400
0,0.037262,200.0,-731.685371,-1021.921366,-628.526791,134.213441,11,exp_name: Pendulum-v1_2023-01-30 (TEST),57,127600
0,0.040451,200.0,-740.776096,-1046.560254,-544.946674,141.210254,11,exp_name: Pendulum-v1_2023-01-30 (TEST),58,129800
0,0.037946,200.0,-746.263133,-880.694764,-624.053644,95.885411,11,exp_name: Pendulum-v1_2023-01-30 (TEST),59,132000
0,0.036655,200.0,-655.643561,-879.575923,-378.97743,132.127675,11,exp_name: Pendulum-v1_2023-01-30 (TEST),60,134200
0,0.036413,200.0,-678.098718,-1019.103804,-497.689893,125.417475,11,exp_name: Pendulum-v1_2023-01-30 (TEST),61,136400
0,0.036936,200.0,-638.359167,-997.90852,-386.354322,170.962808,11,exp_name: Pendulum-v1_2023-01-30 (TEST),62,138600
0,0.040169,200.0,-641.16072,-807.507945,-506.776592,95.969554,11,exp_name: Pendulum-v1_2023-01-30 (TEST),63,140800
0,0.038538,200.0,-624.476065,-780.492642,-503.139902,103.406477,11,exp_name: Pendulum-v1_2023-01-30 (TEST),64,143000
0,0.038282,200.0,-629.490776,-762.880584,-492.331122,102.204357,11,exp_name: Pendulum-v1_2023-01-30 (TEST),65,145200
0,0.036821,200.0,-583.044907,-848.590823,-381.490325,137.630925,11,exp_name: Pendulum-v1_2023-01-30 (TEST),66,147400
0,0.039173,200.0,-551.432104,-776.740057,-379.350616,129.679293,11,exp_name: Pendulum-v1_2023-01-30 (TEST),67,149600
0,0.037243,200.0,-572.796727,-815.101,-377.518012,157.090526,11,exp_name: Pendulum-v1_2023-01-30 (TEST),68,151800
0,0.036597,200.0,-564.107341,-839.176388,-379.588446,154.581731,11,exp_name: Pendulum-v1_2023-01-30 (TEST),69,154000
0,0.036455,200.0,-495.002761,-761.788122,-261.907196,137.69941,11,exp_name: Pendulum-v1_2023-01-30 (TEST),70,156200
0,0.03652,200.0,-435.701048,-517.845962,-265.917137,79.145027,11,exp_name: Pendulum-v1_2023-01-30 (TEST),71,158400
0,0.039557,200.0,-292.861261,-504.116953,-135.120339,117.12053,11,exp_name: Pendulum-v1_2023-01-30 (TEST),72,160600
0,0.036513,200.0,-409.080413,-642.994285,-255.238959,97.374717,11,exp_name: Pendulum-v1_2023-01-30 (TEST),73,162800
0,0.036729,200.0,-322.487665,-850.919155,-2.130126,205.329637,11,exp_name: Pendulum-v1_2023-01-30 (TEST),74,165000
0,0.038498,200.0,-375.415702,-579.336031,-124.881146,137.07062,11,exp_name: Pendulum-v1_2023-01-30 (TEST),75,167200
0,0.038951,200.0,-231.048053,-502.220014,-124.177866,117.434725,11,exp_name: Pendulum-v1_2023-01-30 (TEST),76,169400
0,0.038906,200.0,-236.057653,-522.226991,-3.884319,147.175136,11,exp_name: Pendulum-v1_2023-01-30 (TEST),77,171600
0,0.03706,200.0,-256.809886,-513.185525,-5.814676,143.334016,11,exp_name: Pendulum-v1_2023-01-30 (TEST),78,173800
0,0.0367,200.0,-303.845166,-529.359189,-130.104408,130.692629,11,exp_name: Pendulum-v1_2023-01-30 (TEST),79,176000
0,0.042219,200.0,-291.483332,-601.187928,-124.81539,151.496497,11,exp_name: Pendulum-v1_2023-01-30 (TEST),80,178200
0,0.039931,200.0,-240.242823,-726.913915,-1.603724,204.119886,11,exp_name: Pendulum-v1_2023-01-30 (TEST),81,180400
0,0.036574,200.0,-263.369508,-568.312204,-126.418847,176.014338,11,exp_name: Pendulum-v1_2023-01-30 (TEST),82,182600
0,0.037247,200.0,-290.743081,-581.672156,-2.103386,166.655102,11,exp_name: Pendulum-v1_2023-01-30 (TEST),83,184800
0,0.036559,200.0,-264.939165,-580.810376,-123.732031,165.572493,11,exp_name: Pendulum-v1_2023-01-30 (TEST),84,187000
0,0.039553,200.0,-262.298715,-546.899204,-3.059516,162.664334,11,exp_name: Pendulum-v1_2023-01-30 (TEST),85,189200
0,0.040628,200.0,-196.695381,-530.239558,-1.568052,157.440715,11,exp_name: Pendulum-v1_2023-01-30 (TEST),86,191400
0,0.03962,200.0,-299.392897,-722.869499,-122.94637,180.33229,11,exp_name: Pendulum-v1_2023-01-30 (TEST),87,193600
0,0.039673,200.0,-308.342552,-780.721297,-4.501843,218.547803,11,exp_name: Pendulum-v1_2023-01-30 (TEST),88,195800
0,0.041596,200.0,-233.663121,-517.379047,-1.955098,132.59745,11,exp_name: Pendulum-v1_2023-01-30 (TEST),89,198000
0,0.039403,200.0,-257.847762,-754.7227,-1.284682,257.889728,11,exp_name: Pendulum-v1_2023-01-30 (TEST),90,200200
0,0.036716,200.0,-274.980479,-586.046375,-123.457822,180.995616,11,exp_name: Pendulum-v1_2023-01-30 (TEST),91,202400
0,0.036939,200.0,-260.553417,-798.176962,-2.33828,229.714863,11,exp_name: Pendulum-v1_2023-01-30 (TEST),92,204600
0,0.036594,200.0,-221.667559,-397.819068,-2.964583,146.008988,11,exp_name: Pendulum-v1_2023-01-30 (TEST),93,206800
0,0.0407,200.0,-317.75512,-504.240855,-127.134203,126.950653,11,exp_name: Pendulum-v1_2023-01-30 (TEST),94,209000
0,0.037663,200.0,-246.1427,-671.391187,-127.337154,173.582513,11,exp_name: Pendulum-v1_2023-01-30 (TEST),95,211200
0,0.039574,200.0,-256.380532,-508.634152,-123.044908,121.944888,11,exp_name: Pendulum-v1_2023-01-30 (TEST),96,213400
0,0.037111,200.0,-257.722099,-627.438667,-122.175072,175.594871,11,exp_name: Pendulum-v1_2023-01-30 (TEST),97,215600
0,0.038514,200.0,-274.739908,-785.368934,-123.787719,194.371666,11,exp_name: Pendulum-v1_2023-01-30 (TEST),98,217800
0,0.038491,200.0,-330.013311,-649.31232,-122.334247,188.410619,11,exp_name: Pendulum-v1_2023-01-30 (TEST),99,220000
0,0.037543,200.0,-203.280925,-584.475291,-1.836591,162.007365,11,exp_name: Pendulum-v1_2023-01-30 (TEST),100,222200
0,0.036528,200.0,-252.016598,-652.219313,-1.547149,201.939061,11,exp_name: Pendulum-v1_2023-01-30 (TEST),101,224400
0,0.036692,200.0,-213.469584,-516.190557,-2.159488,127.378337,11,exp_name: Pendulum-v1_2023-01-30 (TEST),102,226600
0,0.040063,200.0,-285.848543,-662.196985,-1.455152,208.835044,11,exp_name: Pendulum-v1_2023-01-30 (TEST),103,228800
0,0.03725,200.0,-215.619256,-454.511454,-1.961053,155.982888,11,exp_name: Pendulum-v1_2023-01-30 (TEST),104,231000
0,0.036601,200.0,-159.999641,-399.887875,-2.797105,97.587035,11,exp_name: Pendulum-v1_2023-01-30 (TEST),105,233200
0,0.036502,200.0,-128.629457,-398.607757,-1.268977,113.063493,11,exp_name: Pendulum-v1_2023-01-30 (TEST),106,235400
0,0.038014,200.0,-176.403191,-381.328763,-2.323212,102.066474,11,exp_name: Pendulum-v1_2023-01-30 (TEST),107,237600
0,0.038746,200.0,-200.412871,-414.721848,-2.818091,119.766848,11,exp_name: Pendulum-v1_2023-01-30 (TEST),108,239800
0,0.037092,200.0,-263.67809,-585.666212,-3.270373,175.648375,11,exp_name: Pendulum-v1_2023-01-30 (TEST),109,242000
0,0.03693,200.0,-179.676501,-443.802905,-2.098675,111.561565,11,exp_name: Pendulum-v1_2023-01-30 (TEST),110,244200
0,0.037468,200.0,-193.485499,-462.075335,-1.201599,129.99464,11,exp_name: Pendulum-v1_2023-01-30 (TEST),111,246400
0,0.042965,200.0,-279.411066,-762.892051,-123.187451,189.786817,11,exp_name: Pendulum-v1_2023-01-30 (TEST),112,248600
0,0.036942,200.0,-167.134452,-432.140048,-1.144186,120.53271,11,exp_name: Pendulum-v1_2023-01-30 (TEST),113,250800
0,0.037369,200.0,-213.231498,-589.056019,-1.790743,167.032392,11,exp_name: Pendulum-v1_2023-01-30 (TEST),114,253000
0,0.039149,200.0,-199.910759,-396.519183,-122.611475,89.020674,11,exp_name: Pendulum-v1_2023-01-30 (TEST),115,255200
0,0.038719,200.0,-179.971811,-429.762707,-1.269313,137.30299,11,exp_name: Pendulum-v1_2023-01-30 (TEST),116,257400
0,0.038418,200.0,-283.207208,-651.172816,-120.7345,156.565078,11,exp_name: Pendulum-v1_2023-01-30 (TEST),117,259600
0,0.036856,200.0,-201.176887,-390.12463,-4.635085,102.847629,11,exp_name: Pendulum-v1_2023-01-30 (TEST),118,261800
0,0.03919,200.0,-173.673026,-396.641305,-124.906793,84.57632,11,exp_name: Pendulum-v1_2023-01-30 (TEST),119,264000
0,0.039853,200.0,-245.726044,-967.307001,-1.164562,264.958446,11,exp_name: Pendulum-v1_2023-01-30 (TEST),120,266200
0,0.041026,200.0,-261.140461,-618.908908,-120.582606,157.730181,11,exp_name: Pendulum-v1_2023-01-30 (TEST),121,268400
0,0.037119,200.0,-190.35336,-477.704043,-2.101368,156.904613,11,exp_name: Pendulum-v1_2023-01-30 (TEST),122,270600
0,0.039842,200.0,-232.02183,-784.849003,-2.03313,219.284407,11,exp_name: Pendulum-v1_2023-01-30 (TEST),123,272800
0,0.037053,200.0,-230.042368,-448.703049,-4.145587,134.587005,11,exp_name: Pendulum-v1_2023-01-30 (TEST),124,275000
0,0.042604,200.0,-164.958296,-427.952562,-1.400701,140.189237,11,exp_name: Pendulum-v1_2023-01-30 (TEST),125,277200
0,0.039798,200.0,-139.628072,-386.523067,-1.902306,114.277928,11,exp_name: Pendulum-v1_2023-01-30 (TEST),126,279400
0,0.037924,200.0,-218.023765,-477.156456,-3.519841,149.915755,11,exp_name: Pendulum-v1_2023-01-30 (TEST),127,281600
0,0.038928,200.0,-227.500485,-587.32319,-3.278254,158.897655,11,exp_name: Pendulum-v1_2023-01-30 (TEST),128,283800
0,0.037848,200.0,-196.231137,-384.083534,-3.717346,97.845892,11,exp_name: Pendulum-v1_2023-01-30 (TEST),129,286000
0,0.0399,200.0,-150.673802,-264.756496,-121.900479,51.484604,11,exp_name: Pendulum-v1_2023-01-30 (TEST),130,288200
0,0.038008,200.0,-211.759282,-443.124944,-121.355202,120.977738,11,exp_name: Pendulum-v1_2023-01-30 (TEST),131,290400
0,0.037961,200.0,-212.715385,-389.317254,-121.944485,86.157029,11,exp_name: Pendulum-v1_2023-01-30 (TEST),132,292600
0,0.037585,200.0,-265.523297,-542.688145,-5.040216,156.78021,11,exp_name: Pendulum-v1_2023-01-30 (TEST),133,294800
0,0.04055,200.0,-181.390552,-462.474887,-4.210976,114.667038,11,exp_name: Pendulum-v1_2023-01-30 (TEST),134,297000
0,0.037061,200.0,-201.690901,-437.982939,-121.899755,110.118872,11,exp_name: Pendulum-v1_2023-01-30 (TEST),135,299200
0,0.037567,200.0,-150.965302,-380.007791,-5.540123,102.631152,11,exp_name: Pendulum-v1_2023-01-30 (TEST),136,301400
0,0.03745,200.0,-181.331699,-569.098109,-4.729083,140.911162,11,exp_name: Pendulum-v1_2023-01-30 (TEST),137,303600
0,0.038784,200.0,-285.992648,-637.232434,-128.055274,162.612163,11,exp_name: Pendulum-v1_2023-01-30 (TEST),138,305800
0,0.039738,200.0,-256.22079,-534.323968,-128.415149,149.791768,11,exp_name: Pendulum-v1_2023-01-30 (TEST),139,308000
0,0.038712,200.0,-189.666806,-468.049035,-4.6039,143.026897,11,exp_name: Pendulum-v1_2023-01-30 (TEST),140,310200
0,0.036751,200.0,-232.776827,-525.510104,-124.306326,132.60585,11,exp_name: Pendulum-v1_2023-01-30 (TEST),141,312400
0,0.03687,200.0,-153.4245,-369.240673,-5.901723,88.025956,11,exp_name: Pendulum-v1_2023-01-30 (TEST),142,314600
0,0.039654,200.0,-153.514818,-388.467711,-3.312499,107.297682,11,exp_name: Pendulum-v1_2023-01-30 (TEST),143,316800
0,0.036654,200.0,-174.053761,-382.772365,-2.52904,96.135399,11,exp_name: Pendulum-v1_2023-01-30 (TEST),144,319000
0,0.036738,200.0,-164.173335,-445.818359,-4.030448,111.925901,11,exp_name: Pendulum-v1_2023-01-30 (TEST),145,321200
0,0.036843,200.0,-180.145806,-420.199261,-3.63411,138.902618,11,exp_name: Pendulum-v1_2023-01-30 (TEST),146,323400
0,0.040087,200.0,-255.478525,-450.435437,-120.030677,115.907844,11,exp_name: Pendulum-v1_2023-01-30 (TEST),147,325600
0,0.039954,200.0,-203.676079,-399.689476,-4.514749,103.421601,11,exp_name: Pendulum-v1_2023-01-30 (TEST),148,327800
0,0.038449,200.0,-166.125875,-394.306875,-3.509124,133.472165,11,exp_name: Pendulum-v1_2023-01-30 (TEST),149,330000
0,0.038323,200.0,-213.592172,-414.183434,-4.351826,139.218488,11,exp_name: Pendulum-v1_2023-01-30 (TEST),150,332200
0,0.039145,200.0,-168.21955,-418.273152,-4.446325,102.826579,11,exp_name: Pendulum-v1_2023-01-30 (TEST),151,334400
0,0.040083,200.0,-191.922936,-408.97496,-2.566766,129.734478,11,exp_name: Pendulum-v1_2023-01-30 (TEST),152,336600
0,0.038865,200.0,-240.365071,-401.941696,-5.631933,130.093539,11,exp_name: Pendulum-v1_2023-01-30 (TEST),153,338800
0,0.038105,200.0,-185.808954,-485.352832,-7.312024,118.781141,11,exp_name: Pendulum-v1_2023-01-30 (TEST),154,341000
0,0.037986,200.0,-187.490481,-272.92498,-128.28801,61.684033,11,exp_name: Pendulum-v1_2023-01-30 (TEST),155,343200
0,0.041752,200.0,-188.909217,-463.875851,-128.856715,118.747501,11,exp_name: Pendulum-v1_2023-01-30 (TEST),156,345400
0,0.038112,200.0,-184.266978,-362.592713,-128.938888,75.965278,11,exp_name: Pendulum-v1_2023-01-30 (TEST),157,347600
0,0.038478,200.0,-162.890946,-439.360226,-5.184999,137.248675,11,exp_name: Pendulum-v1_2023-01-30 (TEST),158,349800
0,0.038111,200.0,-166.446662,-290.73853,-5.488719,82.119763,11,exp_name: Pendulum-v1_2023-01-30 (TEST),159,352000
0,0.039439,200.0,-223.261696,-350.460315,-128.341342,75.572841,11,exp_name: Pendulum-v1_2023-01-30 (TEST),160,354200
0,0.040449,200.0,-159.678731,-426.423706,-6.059448,127.159096,11,exp_name: Pendulum-v1_2023-01-30 (TEST),161,356400
0,0.038053,200.0,-168.131557,-392.602491,-8.922301,109.114608,11,exp_name: Pendulum-v1_2023-01-30 (TEST),162,358600
0,0.039381,200.0,-196.257706,-368.246561,-128.119491,78.382588,11,exp_name: Pendulum-v1_2023-01-30 (TEST),163,360800
0,0.038569,200.0,-200.61808,-376.722542,-8.820416,96.877504,11,exp_name: Pendulum-v1_2023-01-30 (TEST),164,363000
0,0.040661,200.0,-262.09395,-472.55876,-9.23582,138.415314,11,exp_name: Pendulum-v1_2023-01-30 (TEST),165,365200
0,0.038219,200.0,-201.423181,-375.0976,-10.804553,95.347133,11,exp_name: Pendulum-v1_2023-01-30 (TEST),166,367400
0,0.039089,200.0,-145.698531,-268.504597,-11.527055,66.479233,11,exp_name: Pendulum-v1_2023-01-30 (TEST),167,369600
0,0.037364,200.0,-163.332875,-268.756311,-7.022695,75.102827,11,exp_name: Pendulum-v1_2023-01-30 (TEST),168,371800
0,0.039661,200.0,-184.865082,-398.801027,-5.925974,108.410504,11,exp_name: Pendulum-v1_2023-01-30 (TEST),169,374000
0,0.037066,200.0,-172.986644,-380.167661,-10.149129,104.274567,11,exp_name: Pendulum-v1_2023-01-30 (TEST),170,376200
0,0.038209,200.0,-163.087582,-265.977067,-125.009092,54.58513,11,exp_name: Pendulum-v1_2023-01-30 (TEST),171,378400
0,0.038828,200.0,-164.577508,-403.779388,-9.865412,97.621523,11,exp_name: Pendulum-v1_2023-01-30 (TEST),172,380600
0,0.039229,200.0,-172.744753,-254.513866,-4.467272,78.568735,11,exp_name: Pendulum-v1_2023-01-30 (TEST),173,382800
0,0.039791,200.0,-194.283352,-262.372918,-124.354813,61.02133,11,exp_name: Pendulum-v1_2023-01-30 (TEST),174,385000
0,0.039013,200.0,-217.935306,-439.519473,-5.393564,147.525372,11,exp_name: Pendulum-v1_2023-01-30 (TEST),175,387200
0,0.039185,200.0,-161.193601,-379.253476,-6.695569,136.823347,11,exp_name: Pendulum-v1_2023-01-30 (TEST),176,389400
0,0.037933,200.0,-223.915911,-547.246857,-6.823563,159.769088,11,exp_name: Pendulum-v1_2023-01-30 (TEST),177,391600
0,0.040551,200.0,-188.429276,-379.623565,-6.972658,98.858694,11,exp_name: Pendulum-v1_2023-01-30 (TEST),178,393800
0,0.037155,200.0,-188.081578,-362.827944,-4.243168,113.710546,11,exp_name: Pendulum-v1_2023-01-30 (TEST),179,396000
0,0.038649,200.0,-133.601297,-301.164446,-4.640529,98.733435,11,exp_name: Pendulum-v1_2023-01-30 (TEST),180,398200
0,0.037698,200.0,-149.685574,-367.717608,-4.160476,113.087137,11,exp_name: Pendulum-v1_2023-01-30 (TEST),181,400400
0,0.040672,200.0,-152.049931,-265.220162,-126.717958,48.321433,11,exp_name: Pendulum-v1_2023-01-30 (TEST),182,402600
0,0.039312,200.0,-139.917757,-375.73577,-2.960462,111.763882,11,exp_name: Pendulum-v1_2023-01-30 (TEST),183,404800
0,0.037347,200.0,-184.736403,-443.223179,-4.652596,137.484835,11,exp_name: Pendulum-v1_2023-01-30 (TEST),184,407000
0,0.03822,200.0,-227.937352,-473.211244,-3.991053,146.327879,11,exp_name: Pendulum-v1_2023-01-30 (TEST),185,409200
0,0.037674,200.0,-188.307871,-393.774624,-3.502647,112.772291,11,exp_name: Pendulum-v1_2023-01-30 (TEST),186,411400
0,0.040234,200.0,-118.252875,-278.242744,-3.558103,85.151045,11,exp_name: Pendulum-v1_2023-01-30 (TEST),187,413600
0,0.038725,200.0,-168.419926,-276.912601,-2.668214,98.476197,11,exp_name: Pendulum-v1_2023-01-30 (TEST),188,415800
0,0.037568,200.0,-137.14655,-383.558265,-2.131726,122.651084,11,exp_name: Pendulum-v1_2023-01-30 (TEST),189,418000
0,0.038487,200.0,-116.087027,-256.453449,-3.066623,81.990291,11,exp_name: Pendulum-v1_2023-01-30 (TEST),190,420200
0,0.044393,200.0,-107.138448,-265.612837,-2.774543,90.649602,11,exp_name: Pendulum-v1_2023-01-30 (TEST),191,422400
0,0.039128,200.0,-191.539084,-466.123605,-2.788293,123.867097,11,exp_name: Pendulum-v1_2023-01-30 (TEST),192,424600
0,0.037722,200.0,-142.805788,-393.626987,-3.79589,102.834274,11,exp_name: Pendulum-v1_2023-01-30 (TEST),193,426800
0,0.036743,200.0,-162.495613,-264.088376,-121.666316,55.63546,11,exp_name: Pendulum-v1_2023-01-30 (TEST),194,429000
0,0.038688,200.0,-385.022643,-863.672488,-3.977439,287.925734,11,exp_name: Pendulum-v1_2023-01-30 (TEST),195,431200
0,0.039568,200.0,-304.463215,-780.225103,-122.659394,209.618385,11,exp_name: Pendulum-v1_2023-01-30 (TEST),196,433400
0,0.038136,200.0,-139.077723,-246.768094,-6.278591,61.021861,11,exp_name: Pendulum-v1_2023-01-30 (TEST),197,435600
0,0.037908,200.0,-152.696859,-374.674007,-4.035048,114.758066,11,exp_name: Pendulum-v1_2023-01-30 (TEST),198,437800
0,0.038153,200.0,-190.036783,-287.852019,-122.829268,67.051811,11,exp_name: Pendulum-v1_2023-01-30 (TEST),199,440000
0,0.040616,200.0,-219.272087,-397.536953,-3.736485,118.840327,11,exp_name: Pendulum-v1_2023-01-30 (TEST),200,442200
0,0.037643,200.0,-109.957938,-275.411415,-3.162185,76.699318,11,exp_name: Pendulum-v1_2023-01-30 (TEST),201,444400
0,0.037324,200.0,-162.742466,-345.256522,-3.882753,87.339379,11,exp_name: Pendulum-v1_2023-01-30 (TEST),202,446600
0,0.03849,200.0,-242.614966,-463.623288,-119.926388,105.966604,11,exp_name: Pendulum-v1_2023-01-30 (TEST),203,448800
0,0.040009,200.0,-151.292794,-310.512977,-4.338058,111.98874,11,exp_name: Pendulum-v1_2023-01-30 (TEST),204,451000
0,0.038267,200.0,-226.371787,-446.484464,-7.4742,126.359509,11,exp_name: Pendulum-v1_2023-01-30 (TEST),205,453200
0,0.037367,200.0,-178.162105,-354.398518,-4.513812,96.545254,11,exp_name: Pendulum-v1_2023-01-30 (TEST),206,455400
0,0.037946,200.0,-207.318194,-426.272505,-4.030784,123.553777,11,exp_name: Pendulum-v1_2023-01-30 (TEST),207,457600
0,0.037789,200.0,-141.57574,-254.790225,-6.605329,63.005537,11,exp_name: Pendulum-v1_2023-01-30 (TEST),208,459800
0,0.039611,200.0,-143.815086,-293.652048,-5.094228,87.574677,11,exp_name: Pendulum-v1_2023-01-30 (TEST),209,462000
0,0.036523,200.0,-165.972783,-380.429967,-4.774735,94.840298,11,exp_name: Pendulum-v1_2023-01-30 (TEST),210,464200
0,0.036621,200.0,-173.914017,-360.476507,-121.447994,78.608524,11,exp_name: Pendulum-v1_2023-01-30 (TEST),211,466400
0,0.036459,200.0,-129.405223,-255.11042,-3.709337,74.377298,11,exp_name: Pendulum-v1_2023-01-30 (TEST),212,468600
0,0.039154,200.0,-141.511577,-260.160443,-3.400796,85.097905,11,exp_name: Pendulum-v1_2023-01-30 (TEST),213,470800
0,0.037711,200.0,-199.705286,-390.02115,-120.051685,97.223899,11,exp_name: Pendulum-v1_2023-01-30 (TEST),214,473000
0,0.036619,200.0,-173.629504,-369.245799,-122.391624,79.653225,11,exp_name: Pendulum-v1_2023-01-30 (TEST),215,475200
0,0.036533,200.0,-197.737187,-510.271381,-2.214728,124.663943,11,exp_name: Pendulum-v1_2023-01-30 (TEST),216,477400
0,0.036871,200.0,-158.479814,-285.697289,-1.748883,99.899708,11,exp_name: Pendulum-v1_2023-01-30 (TEST),217,479600
0,0.03982,200.0,-181.092146,-356.492778,-2.802754,93.133982,11,exp_name: Pendulum-v1_2023-01-30 (TEST),218,481800
0,0.03662,200.0,-138.753474,-255.510363,-2.644546,64.509221,11,exp_name: Pendulum-v1_2023-01-30 (TEST),219,484000
0,0.036572,200.0,-173.217443,-262.326298,-122.935796,61.324715,11,exp_name: Pendulum-v1_2023-01-30 (TEST),220,486200
0,0.037068,200.0,-206.346061,-374.358854,-5.525745,104.523845,11,exp_name: Pendulum-v1_2023-01-30 (TEST),221,488400
0,0.038825,200.0,-172.941197,-285.495364,-119.868934,61.269985,11,exp_name: Pendulum-v1_2023-01-30 (TEST),222,490600
0,0.037827,200.0,-174.710303,-355.647245,-121.910431,80.13862,11,exp_name: Pendulum-v1_2023-01-30 (TEST),223,492800
0,0.036433,200.0,-168.483983,-302.103849,-3.731072,84.864253,11,exp_name: Pendulum-v1_2023-01-30 (TEST),224,495000
0,0.036586,200.0,-128.341607,-281.008067,-1.295504,77.93625,11,exp_name: Pendulum-v1_2023-01-30 (TEST),225,497200
0,0.036453,200.0,-182.85153,-443.104162,-1.181051,135.355433,11,exp_name: Pendulum-v1_2023-01-30 (TEST),226,499400
0,0.04007,200.0,-127.474506,-273.149526,-1.113939,93.009022,11,exp_name: Pendulum-v1_2023-01-30 (TEST),227,501600
