"Step","mean_episodes_rewards","random_agent_run_1 - mean_episodes_rewards__MIN","random_agent_run_1 - mean_episodes_rewards__MAX"
"2200","-1156.953323667879","-1156.953323667879","-1156.953323667879"
"4400","-1214.8830707094955","-1214.8830707094955","-1214.8830707094955"
"6600","-1241.595947999251","-1241.595947999251","-1241.595947999251"
"8800","-1087.0193677592242","-1087.0193677592242","-1087.0193677592242"
"11000","-1293.309398435901","-1293.309398435901","-1293.309398435901"
"13200","-1281.70340199607","-1281.70340199607","-1281.70340199607"
"15400","-1171.5765779070757","-1171.5765779070757","-1171.5765779070757"
"17600","-1308.4788203148191","-1308.4788203148191","-1308.4788203148191"
"19800","-1104.8173865026629","-1104.8173865026629","-1104.8173865026629"
"22000","-1356.5499226844731","-1356.5499226844731","-1356.5499226844731"
"24200","-1195.6597215180761","-1195.6597215180761","-1195.6597215180761"
"26400","-1246.868635378997","-1246.868635378997","-1246.868635378997"
"28600","-1168.8077827092463","-1168.8077827092463","-1168.8077827092463"
"30800","-1159.174300998335","-1159.174300998335","-1159.174300998335"
"33000","-1165.9187040794832","-1165.9187040794832","-1165.9187040794832"
"35200","-1230.6376655152105","-1230.6376655152105","-1230.6376655152105"
"37400","-1213.5074970730477","-1213.5074970730477","-1213.5074970730477"
"39600","-1207.1017487756174","-1207.1017487756174","-1207.1017487756174"
"41800","-1243.6521827403603","-1243.6521827403603","-1243.6521827403603"
"44000","-1327.6376696188324","-1327.6376696188324","-1327.6376696188324"
"46200","-1324.5085072870584","-1324.5085072870584","-1324.5085072870584"
"48400","-1217.5865355694236","-1217.5865355694236","-1217.5865355694236"
"50600","-1302.5525469013553","-1302.5525469013553","-1302.5525469013553"
"52800","-1187.370442879551","-1187.370442879551","-1187.370442879551"
"55000","-1246.9750869046973","-1246.9750869046973","-1246.9750869046973"
"57200","-1273.6998817513631","-1273.6998817513631","-1273.6998817513631"
"59400","-1302.626163291306","-1302.626163291306","-1302.626163291306"
"61600","-1250.9920324051802","-1250.9920324051802","-1250.9920324051802"
"63800","-1148.6350132883426","-1148.6350132883426","-1148.6350132883426"
"66000","-1110.7282244689113","-1110.7282244689113","-1110.7282244689113"
"68200","-1156.1032505383018","-1156.1032505383018","-1156.1032505383018"
"70400","-1347.1333248389894","-1347.1333248389894","-1347.1333248389894"
"72600","-1277.7349874187473","-1277.7349874187473","-1277.7349874187473"
"74800","-1177.455447673741","-1177.455447673741","-1177.455447673741"
"77000","-1144.303426372266","-1144.303426372266","-1144.303426372266"
"79200","-1345.2908814953316","-1345.2908814953316","-1345.2908814953316"
"81400","-1333.8251806007154","-1333.8251806007154","-1333.8251806007154"
"83600","-1145.2963882946235","-1145.2963882946235","-1145.2963882946235"
"85800","-1333.408647050894","-1333.408647050894","-1333.408647050894"
"88000","-1331.583725568795","-1331.583725568795","-1331.583725568795"
"90200","-1164.0348282986158","-1164.0348282986158","-1164.0348282986158"
"92400","-1178.859945636636","-1178.859945636636","-1178.859945636636"
"94600","-1129.5285642787387","-1129.5285642787387","-1129.5285642787387"
"96800","-1210.7161191162768","-1210.7161191162768","-1210.7161191162768"
"99000","-1267.1827018732672","-1267.1827018732672","-1267.1827018732672"
"101200","-1177.7879750063503","-1177.7879750063503","-1177.7879750063503"
"103400","-1388.643877963808","-1388.643877963808","-1388.643877963808"
"105600","-1127.1995335270478","-1127.1995335270478","-1127.1995335270478"
"107800","-1319.7829254756825","-1319.7829254756825","-1319.7829254756825"
"110000","-1235.8388701007966","-1235.8388701007966","-1235.8388701007966"
"112200","-1205.634284500082","-1205.634284500082","-1205.634284500082"
"114400","-1142.3531894806017","-1142.3531894806017","-1142.3531894806017"
"116600","-1245.922472467619","-1245.922472467619","-1245.922472467619"
"118800","-1158.2411994817749","-1158.2411994817749","-1158.2411994817749"
"121000","-1223.0304250232045","-1223.0304250232045","-1223.0304250232045"
"123200","-1173.1466108171483","-1173.1466108171483","-1173.1466108171483"
"125400","-1307.7853191814881","-1307.7853191814881","-1307.7853191814881"
"127600","-1263.2317914521036","-1263.2317914521036","-1263.2317914521036"
"129800","-1259.6357270206304","-1259.6357270206304","-1259.6357270206304"
"132000","-1018.0281471378723","-1018.0281471378723","-1018.0281471378723"
"134200","-1300.0207140974867","-1300.0207140974867","-1300.0207140974867"
"136400","-1025.3221556861008","-1025.3221556861008","-1025.3221556861008"
"138600","-1159.0204217780413","-1159.0204217780413","-1159.0204217780413"
"140800","-1072.542126222892","-1072.542126222892","-1072.542126222892"
"143000","-1088.795259715118","-1088.795259715118","-1088.795259715118"
"145200","-1204.423512347921","-1204.423512347921","-1204.423512347921"
"147400","-1361.6486342151434","-1361.6486342151434","-1361.6486342151434"
"149600","-1365.581163373068","-1365.581163373068","-1365.581163373068"
"151800","-1278.5004388133689","-1278.5004388133689","-1278.5004388133689"
"154000","-1299.024192377382","-1299.024192377382","-1299.024192377382"
"156200","-1359.1294097736043","-1359.1294097736043","-1359.1294097736043"
"158400","-1220.3803301210255","-1220.3803301210255","-1220.3803301210255"
"160600","-1196.5778281098706","-1196.5778281098706","-1196.5778281098706"
"162800","-1266.9925041057922","-1266.9925041057922","-1266.9925041057922"
"165000","-1292.4167487939567","-1292.4167487939567","-1292.4167487939567"
"167200","-1287.075588155811","-1287.075588155811","-1287.075588155811"
"169400","-1203.2647370468244","-1203.2647370468244","-1203.2647370468244"
"171600","-1338.1171314372375","-1338.1171314372375","-1338.1171314372375"
"173800","-1134.3754997821059","-1134.3754997821059","-1134.3754997821059"
"176000","-1106.020295165562","-1106.020295165562","-1106.020295165562"
"178200","-1235.3189212784414","-1235.3189212784414","-1235.3189212784414"
"180400","-1277.8527708501806","-1277.8527708501806","-1277.8527708501806"
"182600","-1236.758962234171","-1236.758962234171","-1236.758962234171"
"184800","-1355.936761763204","-1355.936761763204","-1355.936761763204"
"187000","-1162.0342038551803","-1162.0342038551803","-1162.0342038551803"
"189200","-1246.1731294137737","-1246.1731294137737","-1246.1731294137737"
"191400","-1229.4990844616812","-1229.4990844616812","-1229.4990844616812"
"193600","-1177.182849726901","-1177.182849726901","-1177.182849726901"
"195800","-1241.7973696007505","-1241.7973696007505","-1241.7973696007505"
"198000","-1276.1981904085847","-1276.1981904085847","-1276.1981904085847"
"200200","-1224.3603945706852","-1224.3603945706852","-1224.3603945706852"
"202400","-1232.4827053421802","-1232.4827053421802","-1232.4827053421802"
"204600","-1127.674942571972","-1127.674942571972","-1127.674942571972"
"206800","-1274.8917347602342","-1274.8917347602342","-1274.8917347602342"
"209000","-1215.179385420907","-1215.179385420907","-1215.179385420907"
"211200","-1389.1991047646095","-1389.1991047646095","-1389.1991047646095"
"213400","-1243.6472298514143","-1243.6472298514143","-1243.6472298514143"
"215600","-1157.7528327045827","-1157.7528327045827","-1157.7528327045827"
"217800","-1404.942169757747","-1404.942169757747","-1404.942169757747"
"220000","-1172.7355055294347","-1172.7355055294347","-1172.7355055294347"
"222200","-1289.1904723732782","-1289.1904723732782","-1289.1904723732782"
"224400","-1282.020873031119","-1282.020873031119","-1282.020873031119"
"226600","-1233.8343705067418","-1233.8343705067418","-1233.8343705067418"
"228800","-1271.0596463520494","-1271.0596463520494","-1271.0596463520494"
"231000","-1312.0516642990553","-1312.0516642990553","-1312.0516642990553"
"233200","-1251.493984767665","-1251.493984767665","-1251.493984767665"
"235400","-1354.6091877343008","-1354.6091877343008","-1354.6091877343008"
"237600","-1326.1984265152632","-1326.1984265152632","-1326.1984265152632"
"239800","-1375.6171213145867","-1375.6171213145867","-1375.6171213145867"
"242000","-1175.9178093179685","-1175.9178093179685","-1175.9178093179685"
"244200","-1267.5601446085102","-1267.5601446085102","-1267.5601446085102"
"246400","-1178.9119029389105","-1178.9119029389105","-1178.9119029389105"
"248600","-1186.0694870252273","-1186.0694870252273","-1186.0694870252273"
"250800","-1195.8560189748227","-1195.8560189748227","-1195.8560189748227"
"253000","-1252.960791329336","-1252.960791329336","-1252.960791329336"
"255200","-1187.9085860645964","-1187.9085860645964","-1187.9085860645964"
"257400","-1263.2035509369657","-1263.2035509369657","-1263.2035509369657"
"259600","-1109.6285477895099","-1109.6285477895099","-1109.6285477895099"
"261800","-1161.0234983494734","-1161.0234983494734","-1161.0234983494734"
"264000","-1264.2927925396345","-1264.2927925396345","-1264.2927925396345"
"266200","-1310.190784381222","-1310.190784381222","-1310.190784381222"
"268400","-1264.2946721015624","-1264.2946721015624","-1264.2946721015624"
"270600","-1206.1363996800355","-1206.1363996800355","-1206.1363996800355"
"272800","-1134.7377196638424","-1134.7377196638424","-1134.7377196638424"
"275000","-1250.8564447487277","-1250.8564447487277","-1250.8564447487277"
"277200","-1327.9800616880332","-1327.9800616880332","-1327.9800616880332"
"279400","-1288.4416884523455","-1288.4416884523455","-1288.4416884523455"
"281600","-1176.9495437945864","-1176.9495437945864","-1176.9495437945864"
"283800","-1176.963754374023","-1176.963754374023","-1176.963754374023"
"286000","-1070.187864244814","-1070.187864244814","-1070.187864244814"
"288200","-1131.2411924790422","-1131.2411924790422","-1131.2411924790422"
"290400","-1096.0044583164274","-1096.0044583164274","-1096.0044583164274"
"292600","-1339.2429311339445","-1339.2429311339445","-1339.2429311339445"
"294800","-1267.803029486344","-1267.803029486344","-1267.803029486344"
"297000","-1111.2377481355704","-1111.2377481355704","-1111.2377481355704"
"299200","-1194.7142051814374","-1194.7142051814374","-1194.7142051814374"
"301400","-1220.9481854149042","-1220.9481854149042","-1220.9481854149042"
"303600","-1216.558890819161","-1216.558890819161","-1216.558890819161"
"305800","-1173.6724056971598","-1173.6724056971598","-1173.6724056971598"
"308000","-1300.9512469687609","-1300.9512469687609","-1300.9512469687609"
"310200","-1214.0966023899043","-1214.0966023899043","-1214.0966023899043"
"312400","-1247.0592905390693","-1247.0592905390693","-1247.0592905390693"
"314600","-1326.1121641016443","-1326.1121641016443","-1326.1121641016443"
"316800","-1399.4949786019627","-1399.4949786019627","-1399.4949786019627"
"319000","-1249.0702313582763","-1249.0702313582763","-1249.0702313582763"
"321200","-1272.102452874592","-1272.102452874592","-1272.102452874592"
"323400","-1229.1072523496662","-1229.1072523496662","-1229.1072523496662"
"325600","-1190.1165417315367","-1190.1165417315367","-1190.1165417315367"
"327800","-1267.0037033482006","-1267.0037033482006","-1267.0037033482006"
"330000","-1412.7435252179519","-1412.7435252179519","-1412.7435252179519"
"332200","-1365.0050390779857","-1365.0050390779857","-1365.0050390779857"
"334400","-1102.5040475668864","-1102.5040475668864","-1102.5040475668864"
"336600","-1308.6086407804576","-1308.6086407804576","-1308.6086407804576"
"338800","-1254.3044548796004","-1254.3044548796004","-1254.3044548796004"
"341000","-1372.071493332288","-1372.071493332288","-1372.071493332288"
"343200","-1350.2669617562012","-1350.2669617562012","-1350.2669617562012"
"345400","-1219.3088390055962","-1219.3088390055962","-1219.3088390055962"
"347600","-1046.989243303283","-1046.989243303283","-1046.989243303283"
"349800","-1250.6054950314779","-1250.6054950314779","-1250.6054950314779"
"352000","-1228.7732087007516","-1228.7732087007516","-1228.7732087007516"
"354200","-1324.913876563473","-1324.913876563473","-1324.913876563473"
"356400","-1264.139342360675","-1264.139342360675","-1264.139342360675"
"358600","-1117.2843703726535","-1117.2843703726535","-1117.2843703726535"
"360800","-1157.604940735685","-1157.604940735685","-1157.604940735685"
"363000","-1164.4745450382406","-1164.4745450382406","-1164.4745450382406"
"365200","-1177.8380214687395","-1177.8380214687395","-1177.8380214687395"
"367400","-1168.0651263361856","-1168.0651263361856","-1168.0651263361856"
"369600","-1404.6397858081675","-1404.6397858081675","-1404.6397858081675"
"371800","-1240.5608924386402","-1240.5608924386402","-1240.5608924386402"
"374000","-1333.551041548084","-1333.551041548084","-1333.551041548084"
"376200","-1307.3987409344559","-1307.3987409344559","-1307.3987409344559"
"378400","-1232.8921248702206","-1232.8921248702206","-1232.8921248702206"
"380600","-1075.3814060758928","-1075.3814060758928","-1075.3814060758928"
"382800","-1255.015468879902","-1255.015468879902","-1255.015468879902"
"385000","-1333.3633734077214","-1333.3633734077214","-1333.3633734077214"
"387200","-1191.6737488906092","-1191.6737488906092","-1191.6737488906092"
"389400","-1216.578853595059","-1216.578853595059","-1216.578853595059"
"391600","-1262.1109265057762","-1262.1109265057762","-1262.1109265057762"
"393800","-1172.6423738384508","-1172.6423738384508","-1172.6423738384508"
"396000","-1308.0527065089111","-1308.0527065089111","-1308.0527065089111"
"398200","-1194.0741336521844","-1194.0741336521844","-1194.0741336521844"
"400400","-1208.1798529107555","-1208.1798529107555","-1208.1798529107555"
"402600","-1202.9147828517423","-1202.9147828517423","-1202.9147828517423"
"404800","-1266.4113996491717","-1266.4113996491717","-1266.4113996491717"
"407000","-1184.985351862294","-1184.985351862294","-1184.985351862294"
"409200","-1407.8080456622458","-1407.8080456622458","-1407.8080456622458"
"411400","-1118.4651137750536","-1118.4651137750536","-1118.4651137750536"
"413600","-1265.467395621378","-1265.467395621378","-1265.467395621378"
"415800","-1348.1418033409857","-1348.1418033409857","-1348.1418033409857"
"418000","-1279.2991603971006","-1279.2991603971006","-1279.2991603971006"
"420200","-1224.0978790501465","-1224.0978790501465","-1224.0978790501465"
"422400","-1260.025682680279","-1260.025682680279","-1260.025682680279"
"424600","-1230.7821899427397","-1230.7821899427397","-1230.7821899427397"
"426800","-1120.9930078385312","-1120.9930078385312","-1120.9930078385312"
"429000","-1140.5022161418497","-1140.5022161418497","-1140.5022161418497"
"431200","-1344.9015678890667","-1344.9015678890667","-1344.9015678890667"
"433400","-1344.3655060052574","-1344.3655060052574","-1344.3655060052574"
"435600","-1435.1054514320176","-1435.1054514320176","-1435.1054514320176"
"437800","-1181.7058112912719","-1181.7058112912719","-1181.7058112912719"
"440000","-1169.319860892976","-1169.319860892976","-1169.319860892976"
"442200","-1152.9663530682328","-1152.9663530682328","-1152.9663530682328"
"444400","-1236.962940344544","-1236.962940344544","-1236.962940344544"
"446600","-1303.4777583180794","-1303.4777583180794","-1303.4777583180794"
"448800","-1264.062017673371","-1264.062017673371","-1264.062017673371"
"451000","-1390.4283576594246","-1390.4283576594246","-1390.4283576594246"
"453200","-1082.458025407237","-1082.458025407237","-1082.458025407237"
"455400","-1139.0454675099909","-1139.0454675099909","-1139.0454675099909"
"457600","-1168.2412332228998","-1168.2412332228998","-1168.2412332228998"
"459800","-1285.5404475890334","-1285.5404475890334","-1285.5404475890334"
"462000","-1230.3002375226984","-1230.3002375226984","-1230.3002375226984"
"464200","-1270.1864088365967","-1270.1864088365967","-1270.1864088365967"
"466400","-1153.745741882278","-1153.745741882278","-1153.745741882278"
"468600","-1161.1922108871017","-1161.1922108871017","-1161.1922108871017"
"470800","-1311.1677802364247","-1311.1677802364247","-1311.1677802364247"
"473000","-1284.0422090088987","-1284.0422090088987","-1284.0422090088987"
"475200","-1351.4926811831394","-1351.4926811831394","-1351.4926811831394"
"477400","-1105.963845834452","-1105.963845834452","-1105.963845834452"
"479600","-1295.8814203918103","-1295.8814203918103","-1295.8814203918103"
"481800","-1161.2630912495758","-1161.2630912495758","-1161.2630912495758"
"484000","-1155.0793931104288","-1155.0793931104288","-1155.0793931104288"
"486200","-1078.7416233092447","-1078.7416233092447","-1078.7416233092447"
"488400","-1277.7748899039625","-1277.7748899039625","-1277.7748899039625"
"490600","-1283.3524800327114","-1283.3524800327114","-1283.3524800327114"
"492800","-1170.8761858514538","-1170.8761858514538","-1170.8761858514538"
"495000","-1233.469765582403","-1233.469765582403","-1233.469765582403"
"497200","-1130.727405087155","-1130.727405087155","-1130.727405087155"
"499400","-1262.3770985759656","-1262.3770985759656","-1262.3770985759656"
"501600","-1109.5554211893254","-1109.5554211893254","-1109.5554211893254"
"503800","-1211.5075447180213","-1211.5075447180213","-1211.5075447180213"
"506000","-1153.3743519712257","-1153.3743519712257","-1153.3743519712257"
"508200","-1254.993917296687","-1254.993917296687","-1254.993917296687"
"510400","-1243.039653177642","-1243.039653177642","-1243.039653177642"
"512600","-1262.9509883288235","-1262.9509883288235","-1262.9509883288235"
"514800","-1143.9014118241928","-1143.9014118241928","-1143.9014118241928"
"517000","-1215.8104319184238","-1215.8104319184238","-1215.8104319184238"
"519200","-1508.4430517246374","-1508.4430517246374","-1508.4430517246374"
"521400","-1052.1553767649752","-1052.1553767649752","-1052.1553767649752"
"523600","-1110.0598293284909","-1110.0598293284909","-1110.0598293284909"
"525800","-1321.4593331640197","-1321.4593331640197","-1321.4593331640197"
"528000","-1314.8244344641694","-1314.8244344641694","-1314.8244344641694"
"530200","-1219.7067545541734","-1219.7067545541734","-1219.7067545541734"
"532400","-1265.1562529414803","-1265.1562529414803","-1265.1562529414803"
"534600","-1282.3090556910938","-1282.3090556910938","-1282.3090556910938"
"536800","-1319.5138154514768","-1319.5138154514768","-1319.5138154514768"
"539000","-1329.276501197416","-1329.276501197416","-1329.276501197416"
"541200","-1101.421433638127","-1101.421433638127","-1101.421433638127"
"543400","-1052.6123652868587","-1052.6123652868587","-1052.6123652868587"
"545600","-1138.432081901206","-1138.432081901206","-1138.432081901206"
"547800","-1299.5927233885448","-1299.5927233885448","-1299.5927233885448"
"550000","-1210.7334235978738","-1210.7334235978738","-1210.7334235978738"
"552200","-1300.9880052194983","-1300.9880052194983","-1300.9880052194983"
"554400","-1187.7606457741454","-1187.7606457741454","-1187.7606457741454"
"556600","-1263.27560114511","-1263.27560114511","-1263.27560114511"
"558800","-1124.1298053274734","-1124.1298053274734","-1124.1298053274734"
"561000","-1195.8382204582929","-1195.8382204582929","-1195.8382204582929"
"563200","-1384.7247219074934","-1384.7247219074934","-1384.7247219074934"
"565400","-1018.617269655153","-1018.617269655153","-1018.617269655153"
"567600","-1240.528733650758","-1240.528733650758","-1240.528733650758"
"569800","-1216.4613966783932","-1216.4613966783932","-1216.4613966783932"
"572000","-1166.13811396423","-1166.13811396423","-1166.13811396423"
"574200","-1233.1664970015993","-1233.1664970015993","-1233.1664970015993"
"576400","-1185.472641329988","-1185.472641329988","-1185.472641329988"
"578600","-1122.9942826684194","-1122.9942826684194","-1122.9942826684194"
"580800","-1136.7192182698723","-1136.7192182698723","-1136.7192182698723"
"583000","-1363.045319513936","-1363.045319513936","-1363.045319513936"
"585200","-1126.3342579642692","-1126.3342579642692","-1126.3342579642692"
"587400","-1240.6807536089862","-1240.6807536089862","-1240.6807536089862"
"589600","-1438.505890957769","-1438.505890957769","-1438.505890957769"
"591800","-1191.463010222518","-1191.463010222518","-1191.463010222518"
"594000","-1303.329197435205","-1303.329197435205","-1303.329197435205"
"596200","-1126.450259543952","-1126.450259543952","-1126.450259543952"
"598400","-1188.1987961167308","-1188.1987961167308","-1188.1987961167308"
"600600","-1122.8751371246378","-1122.8751371246378","-1122.8751371246378"
"602800","-1141.4278746825487","-1141.4278746825487","-1141.4278746825487"
"605000","-1165.627144407024","-1165.627144407024","-1165.627144407024"
"607200","-1178.3852871620884","-1178.3852871620884","-1178.3852871620884"
"609400","-1310.0538607673254","-1310.0538607673254","-1310.0538607673254"
"611600","-1216.453245591717","-1216.453245591717","-1216.453245591717"
"613800","-1144.9038399972462","-1144.9038399972462","-1144.9038399972462"
"616000","-1378.781100794693","-1378.781100794693","-1378.781100794693"
"618200","-1064.8362126108948","-1064.8362126108948","-1064.8362126108948"
"620400","-1333.2427997130953","-1333.2427997130953","-1333.2427997130953"
"622600","-1090.29631301848","-1090.29631301848","-1090.29631301848"
"624800","-1227.3481815588618","-1227.3481815588618","-1227.3481815588618"
"627000","-1291.0830232614958","-1291.0830232614958","-1291.0830232614958"
"629200","-1256.0466511239172","-1256.0466511239172","-1256.0466511239172"
"631400","-1305.5758696779674","-1305.5758696779674","-1305.5758696779674"
"633600","-1203.1280999989174","-1203.1280999989174","-1203.1280999989174"
"635800","-1131.5865050672182","-1131.5865050672182","-1131.5865050672182"
"638000","-1202.690531210535","-1202.690531210535","-1202.690531210535"
"640200","-1197.6010936438379","-1197.6010936438379","-1197.6010936438379"
"642400","-1365.2760982701645","-1365.2760982701645","-1365.2760982701645"
"644600","-1353.792967148183","-1353.792967148183","-1353.792967148183"
"646800","-1278.9404245881583","-1278.9404245881583","-1278.9404245881583"
"649000","-1211.5372410741772","-1211.5372410741772","-1211.5372410741772"
"651200","-1299.8708499490751","-1299.8708499490751","-1299.8708499490751"
"653400","-1132.9990648750443","-1132.9990648750443","-1132.9990648750443"
"655600","-1249.051193266963","-1249.051193266963","-1249.051193266963"
"657800","-1320.0542750336347","-1320.0542750336347","-1320.0542750336347"
"660000","-1234.6304788903785","-1234.6304788903785","-1234.6304788903785"
"662200","-1173.2778237964174","-1173.2778237964174","-1173.2778237964174"
"664400","-1173.8721436631174","-1173.8721436631174","-1173.8721436631174"
"666600","-1168.5515450112764","-1168.5515450112764","-1168.5515450112764"
"668800","-1176.562920145716","-1176.562920145716","-1176.562920145716"
"671000","-1345.0160136023985","-1345.0160136023985","-1345.0160136023985"
"673200","-1253.5515958531396","-1253.5515958531396","-1253.5515958531396"
"675400","-1150.2157994986298","-1150.2157994986298","-1150.2157994986298"
"677600","-1267.9093215289197","-1267.9093215289197","-1267.9093215289197"
"679800","-1239.749405491393","-1239.749405491393","-1239.749405491393"
"682000","-1210.4174879087113","-1210.4174879087113","-1210.4174879087113"
"684200","-1262.597973213951","-1262.597973213951","-1262.597973213951"
"686400","-1257.5272859821207","-1257.5272859821207","-1257.5272859821207"
"688600","-1307.2812587459355","-1307.2812587459355","-1307.2812587459355"
"690800","-1217.8212619478334","-1217.8212619478334","-1217.8212619478334"
"693000","-1152.535069261288","-1152.535069261288","-1152.535069261288"
"695200","-1187.1286590684433","-1187.1286590684433","-1187.1286590684433"
"697400","-1261.0022811429158","-1261.0022811429158","-1261.0022811429158"
"699600","-1361.5278985361927","-1361.5278985361927","-1361.5278985361927"
"701800","-1182.6827676713156","-1182.6827676713156","-1182.6827676713156"
"704000","-1287.97624047373","-1287.97624047373","-1287.97624047373"
"706200","-1019.4405457425222","-1019.4405457425222","-1019.4405457425222"
"708400","-1160.0518361169868","-1160.0518361169868","-1160.0518361169868"
"710600","-1186.2147004147953","-1186.2147004147953","-1186.2147004147953"
"712800","-1243.0300293809707","-1243.0300293809707","-1243.0300293809707"
"715000","-1216.3855430272172","-1216.3855430272172","-1216.3855430272172"
"717200","-1171.670199585008","-1171.670199585008","-1171.670199585008"
"719400","-1170.089824814576","-1170.089824814576","-1170.089824814576"
"721600","-1243.404821061971","-1243.404821061971","-1243.404821061971"
"723800","-1380.5328320420203","-1380.5328320420203","-1380.5328320420203"
"726000","-1332.535236706108","-1332.535236706108","-1332.535236706108"
"728200","-1404.9976192141041","-1404.9976192141041","-1404.9976192141041"
"730400","-1178.6534268036812","-1178.6534268036812","-1178.6534268036812"
"732600","-1257.6403121263427","-1257.6403121263427","-1257.6403121263427"
"734800","-1162.959601588832","-1162.959601588832","-1162.959601588832"
"737000","-1279.8476966739356","-1279.8476966739356","-1279.8476966739356"
"739200","-1309.7107520817679","-1309.7107520817679","-1309.7107520817679"
"741400","-1300.0808900125942","-1300.0808900125942","-1300.0808900125942"
"743600","-1198.758067413421","-1198.758067413421","-1198.758067413421"
"745800","-1304.2299267251362","-1304.2299267251362","-1304.2299267251362"
"748000","-1274.6583743856684","-1274.6583743856684","-1274.6583743856684"
"750200","-1202.5698061670796","-1202.5698061670796","-1202.5698061670796"
"752400","-1409.871249528884","-1409.871249528884","-1409.871249528884"
"754600","-1250.651331239293","-1250.651331239293","-1250.651331239293"
"756800","-1203.45469447607","-1203.45469447607","-1203.45469447607"
"759000","-1160.835594503421","-1160.835594503421","-1160.835594503421"
"761200","-1224.9927562257292","-1224.9927562257292","-1224.9927562257292"
"763400","-1064.4472999637148","-1064.4472999637148","-1064.4472999637148"
"765600","-1287.1396973766236","-1287.1396973766236","-1287.1396973766236"
"767800","-1159.7839584043586","-1159.7839584043586","-1159.7839584043586"
"770000","-1278.7466556191616","-1278.7466556191616","-1278.7466556191616"
"772200","-1135.460095772786","-1135.460095772786","-1135.460095772786"
"774400","-1220.8359213672816","-1220.8359213672816","-1220.8359213672816"
"776600","-1309.5769075832945","-1309.5769075832945","-1309.5769075832945"
"778800","-938.4312313033618","-938.4312313033618","-938.4312313033618"
"781000","-1284.9151418192484","-1284.9151418192484","-1284.9151418192484"
"783200","-1009.0810339713705","-1009.0810339713705","-1009.0810339713705"
"785400","-1082.8117285868682","-1082.8117285868682","-1082.8117285868682"
"787600","-1097.3281770554618","-1097.3281770554618","-1097.3281770554618"
"789800","-1134.7873024417502","-1134.7873024417502","-1134.7873024417502"
"792000","-1365.4807857825515","-1365.4807857825515","-1365.4807857825515"
"794200","-1225.4875905972158","-1225.4875905972158","-1225.4875905972158"
"796400","-1248.9410818181952","-1248.9410818181952","-1248.9410818181952"
"798600","-1292.2230912943555","-1292.2230912943555","-1292.2230912943555"
"800800","-1294.5828749813272","-1294.5828749813272","-1294.5828749813272"
"803000","-1108.9972434579797","-1108.9972434579797","-1108.9972434579797"
"805200","-1271.8220193457148","-1271.8220193457148","-1271.8220193457148"
"807400","-1088.8827728089434","-1088.8827728089434","-1088.8827728089434"
"809600","-1157.2530007747175","-1157.2530007747175","-1157.2530007747175"
"811800","-1281.3224703366502","-1281.3224703366502","-1281.3224703366502"
"814000","-1304.9673834121886","-1304.9673834121886","-1304.9673834121886"
"816200","-1235.8673390782903","-1235.8673390782903","-1235.8673390782903"
"818400","-1293.476785325482","-1293.476785325482","-1293.476785325482"
"820600","-1456.209670250895","-1456.209670250895","-1456.209670250895"
"822800","-1266.6680124941843","-1266.6680124941843","-1266.6680124941843"
"825000","-1207.1441562577738","-1207.1441562577738","-1207.1441562577738"
"827200","-1279.587060074011","-1279.587060074011","-1279.587060074011"
"829400","-1359.0827519432578","-1359.0827519432578","-1359.0827519432578"
"831600","-1370.4523371392067","-1370.4523371392067","-1370.4523371392067"
"833800","-1253.4631610582521","-1253.4631610582521","-1253.4631610582521"
"836000","-1265.9991301037462","-1265.9991301037462","-1265.9991301037462"
"838200","-1286.7585894907322","-1286.7585894907322","-1286.7585894907322"
"840400","-1515.542838642451","-1515.542838642451","-1515.542838642451"
"842600","-1064.8644498165872","-1064.8644498165872","-1064.8644498165872"
"844800","-1282.881723284555","-1282.881723284555","-1282.881723284555"
"847000","-1312.612099905703","-1312.612099905703","-1312.612099905703"
"849200","-1237.319028367438","-1237.319028367438","-1237.319028367438"
"851400","-1205.9191717746412","-1205.9191717746412","-1205.9191717746412"
"853600","-1420.784392670133","-1420.784392670133","-1420.784392670133"
"855800","-1259.7435526368135","-1259.7435526368135","-1259.7435526368135"
"858000","-1248.7565061411565","-1248.7565061411565","-1248.7565061411565"
"860200","-1116.6290913411929","-1116.6290913411929","-1116.6290913411929"
"862400","-1106.527309950514","-1106.527309950514","-1106.527309950514"
"864600","-1266.8524952478458","-1266.8524952478458","-1266.8524952478458"
"866800","-1254.4838820609473","-1254.4838820609473","-1254.4838820609473"
"869000","-1245.0572316674427","-1245.0572316674427","-1245.0572316674427"
"871200","-1132.7274769019498","-1132.7274769019498","-1132.7274769019498"
"873400","-1224.9373893763086","-1224.9373893763086","-1224.9373893763086"
"875600","-1392.1993793800455","-1392.1993793800455","-1392.1993793800455"
"877800","-1236.6401587887894","-1236.6401587887894","-1236.6401587887894"
"880000","-1229.990004227603","-1229.990004227603","-1229.990004227603"
"882200","-1047.4429094341253","-1047.4429094341253","-1047.4429094341253"
"884400","-1237.2387414243815","-1237.2387414243815","-1237.2387414243815"
"886600","-1292.2000150226688","-1292.2000150226688","-1292.2000150226688"
"888800","-1290.2404697553125","-1290.2404697553125","-1290.2404697553125"
"891000","-1199.6011896328087","-1199.6011896328087","-1199.6011896328087"
"893200","-1227.254895354319","-1227.254895354319","-1227.254895354319"
"895400","-1302.4313932758805","-1302.4313932758805","-1302.4313932758805"
"897600","-1227.4759442190662","-1227.4759442190662","-1227.4759442190662"
"899800","-1117.6805379439913","-1117.6805379439913","-1117.6805379439913"
"902000","-1049.3622928966533","-1049.3622928966533","-1049.3622928966533"
"904200","-1233.6495284753762","-1233.6495284753762","-1233.6495284753762"
"906400","-1196.2681727592508","-1196.2681727592508","-1196.2681727592508"
"908600","-1194.02647465653","-1194.02647465653","-1194.02647465653"
"910800","-1122.1248546092972","-1122.1248546092972","-1122.1248546092972"
"913000","-1289.4208817036686","-1289.4208817036686","-1289.4208817036686"
"915200","-1254.4010091000212","-1254.4010091000212","-1254.4010091000212"
"917400","-1266.7916458517486","-1266.7916458517486","-1266.7916458517486"
"919600","-1079.7539308399553","-1079.7539308399553","-1079.7539308399553"
"921800","-1261.8441183268424","-1261.8441183268424","-1261.8441183268424"
"924000","-1240.898063276656","-1240.898063276656","-1240.898063276656"
"926200","-1203.9673779101056","-1203.9673779101056","-1203.9673779101056"
"928400","-1134.0426965785166","-1134.0426965785166","-1134.0426965785166"
"930600","-1243.432147156895","-1243.432147156895","-1243.432147156895"
"932800","-1295.08188424067","-1295.08188424067","-1295.08188424067"
"935000","-1132.9364458962098","-1132.9364458962098","-1132.9364458962098"
"937200","-1223.316907382286","-1223.316907382286","-1223.316907382286"
"939400","-1244.5495990943427","-1244.5495990943427","-1244.5495990943427"
"941600","-1181.8023536584458","-1181.8023536584458","-1181.8023536584458"
"943800","-1264.0090998535768","-1264.0090998535768","-1264.0090998535768"
"946000","-1025.957465931036","-1025.957465931036","-1025.957465931036"
"948200","-1106.6762731362285","-1106.6762731362285","-1106.6762731362285"
"950400","-1211.752039316583","-1211.752039316583","-1211.752039316583"
"952600","-1113.2673280310364","-1113.2673280310364","-1113.2673280310364"
"954800","-1281.6738836900076","-1281.6738836900076","-1281.6738836900076"
"957000","-1352.4783352908485","-1352.4783352908485","-1352.4783352908485"
"959200","-1291.0441580230042","-1291.0441580230042","-1291.0441580230042"
"961400","-1205.4263292753392","-1205.4263292753392","-1205.4263292753392"
"963600","-1356.4259826238194","-1356.4259826238194","-1356.4259826238194"
"965800","-1230.8385363242617","-1230.8385363242617","-1230.8385363242617"
"968000","-1176.1695868467955","-1176.1695868467955","-1176.1695868467955"
"970200","-1230.390899892439","-1230.390899892439","-1230.390899892439"
"972400","-1139.230463753711","-1139.230463753711","-1139.230463753711"
"974600","-1394.2725218794383","-1394.2725218794383","-1394.2725218794383"
"976800","-1260.1353424435258","-1260.1353424435258","-1260.1353424435258"
"979000","-1180.1238459618833","-1180.1238459618833","-1180.1238459618833"
"981200","-1194.8662043861013","-1194.8662043861013","-1194.8662043861013"
"983400","-1205.4731876916169","-1205.4731876916169","-1205.4731876916169"
"985600","-1142.128989260914","-1142.128989260914","-1142.128989260914"
"987800","-1209.7856048367987","-1209.7856048367987","-1209.7856048367987"
"990000","-1210.0155708109203","-1210.0155708109203","-1210.0155708109203"
"992200","-1135.4419747174413","-1135.4419747174413","-1135.4419747174413"
"994400","-1203.1543883724166","-1203.1543883724166","-1203.1543883724166"
"996600","-1172.0762683125258","-1172.0762683125258","-1172.0762683125258"
"998800","-1258.4899567442126","-1258.4899567442126","-1258.4899567442126"
"1001000","-1289.0976211589448","-1289.0976211589448","-1289.0976211589448"